OBJECTID,DISTRICT,NDISTRICT,SHAPE_Length,SHAPE_Area
1,1,1,1176586.40648953,19383467216.3493
2,2,2,1294439.25408767,58624122235.6926
3,3,3,936261.464662099,13850270891.0195
4,4,4,767508.990202772,15153755801.5727
5,5,5,1409400.35450672,35737500218.2002
