OBJECTID,Details,UD_Percent,Shape__Area,Shape__Length
1,Home range (99% contour),99,111212183.96875,46892.2895311899
2,Home range (50% contour),50,59398908.1796875,51501.9173026482
