{"precision": 0.8524801374275285, "recall": 0.806910569105691, "f_score": 0.8290696460269394, "execution-time": 23.952037811279297, "number_of_labeled_tuples": 10, "number_of_labeled_cells": 70}