OBJECTID,WindResourceArea,Capacity_MW_Plants_Above_2MW,Capacity_MW_All_Plants,SHAPE_Length,SHAPE_Area
1,Tehachapi,3576.8,3576.8,207606.255538649,2562678013.87918
3,San Gorgonio,657.108,658.428,142957.751693749,1273887709.22059
4,Altamont,325.6,325.6,118136.14272507,988222469.934817
5,Solano,1024.73,1024.73,101060.280851521,780516567.472347
6,Outside of Wind Resource Area,572.41,593.08,7683070.19374681,644023311199.993
7,East San Diego,446.54,447.54,127671.66442769,992342131.707911
