OBJECTID,GlobalID,ECRMP_Description,SHAPE_Length,SHAPE_Area
1,{516202B5-DC44-4306-8A0D-D898DB37CD58},Ruby Mountain / Railroad Gulch ACEC,18178.6143630077,7169198.16130354
2,{4A8E8A72-59B1-45F5-957A-D9803B5B9EF9},Castle Gardens,5567.59423716126,1255149.54699132
3,{81AC91B3-20C9-4789-B96F-A6673AB84425},Cucharas Canyon,38997.2174359589,24555400.1393397
4,{F305D902-F3C8-4ADF-A8DD-8270B9266662},Garden Park,22413.9111576436,12634758.9317053
5,{B86A777E-0654-4E7A-B269-8067C32A57B8},Arkansas Canyonlands ACEC,102994.212230229,95940029.301486
6,{5984C951-E651-4749-B387-8B2026630558},Droney Gulch ACEC,8835.72489162221,2728633.18868593
7,{F1518A55-113A-4258-BE00-89524A4A65E9},Grape Creek ACEC,100196.891186919,67009190.2658867
8,{21CAB695-EDA8-4FD6-BE8D-2F73CC3E735E},Top of the World,157015.246517964,35373016.651204
9,{EBF0E9E1-91BF-4EE9-A6FE-0EC4108F8AC5},South Pikes Peak,242711.975215595,163690794.834468
