X,Y,OBJECTID,NAME,TYPE,GlobalID
1983050.24986663,788346.749941811,1,FIRE STATION 1,fire station,{DE45292F-EAA7-485F-9E67-009A224AA3CA}
1982636.37503822,805760.437555313,2,FIRE STATION 4,fire station,{A638C419-7AA5-4417-9C42-7772A25C3B57}
1991120.87512955,795252.937572971,3,FIRE STATION 3,fire station,{769FBF24-5E45-4319-AF27-17FB29402FF6}
1993071.49983722,785026.750020146,4,FIRE STATION 2,fire station,{1FD07E05-0C03-48F4-BB21-3686D98872A2}
1982214.99989672,777171.999981642,5,FIRE STATION 5,fire station,{0976BCE2-A696-41F7-9D44-2A3592EBCCAD}
