{"precision": 0.9607539375161374, "recall": 0.8530490600641908, "f_score": 0.9037037037037038, "tp": 3721.0, "ed_tpfp": 3873.0, "ed_tpfn": 4362, "execution-time": 9.37191128730774, "number_of_labeled_tuples": 2, "number_of_labeled_cells": 22}