{"precision": 0.9779495990836197, "recall": 0.7828977533241632, "f_score": 0.8696205755029284, "tp": 3415.0, "ed_tpfp": 3492.0, "ed_tpfn": 4362, "execution-time": 9.420190572738647, "number_of_labeled_tuples": 2, "number_of_labeled_cells": 22}