{"precision": 0.9652173913043478, "recall": 0.2180746561886051, "f_score": 0.3557692307692307, "tp": 111.0, "ed_tpfp": 115.0, "ed_tpfn": 509, "execution-time": 8.999400615692139, "number_of_labeled_tuples": 7, "number_of_labeled_cells": 140}