{"precision": 0.6302521008403361, "recall": 0.5537974683544303, "f_score": 0.5895564289724874, "tp": 525.0, "ed_tpfp": 833.0, "ed_tpfn": 948, "execution-time": 4.963272333145142, "number_of_labeled_tuples": 8, "number_of_labeled_cells": 88}