{"precision": 0.8611111111111112, "recall": 0.3045186640471513, "f_score": 0.44992743105950656, "tp": 155.0, "ed_tpfp": 180.0, "ed_tpfn": 509, "execution-time": 11.658787965774536, "number_of_labeled_tuples": 10, "number_of_labeled_cells": 200}