{"precision": 0.95, "recall": 0.26129666011787817, "f_score": 0.4098613251155624, "tp": 133.0, "ed_tpfp": 140.0, "ed_tpfn": 509, "execution-time": 12.335891485214233, "number_of_labeled_tuples": 6, "number_of_labeled_cells": 120}