{"precision": 0.8233918128654971, "recall": 0.7426160337552743, "f_score": 0.7809206877426511, "tp": 704.0, "ed_tpfp": 855.0, "ed_tpfn": 948, "execution-time": 5.342551946640015, "number_of_labeled_tuples": 13, "number_of_labeled_cells": 143}