{"precision": 0.8071428571428572, "recall": 0.7151898734177216, "f_score": 0.7583892617449665, "tp": 678.0, "ed_tpfp": 840.0, "ed_tpfn": 948, "execution-time": 5.723686456680298, "number_of_labeled_tuples": 10, "number_of_labeled_cells": 110}