{"precision": 0.921875, "recall": 0.4636542239685658, "f_score": 0.6169934640522875, "tp": 236.0, "ed_tpfp": 256.0, "ed_tpfn": 509, "execution-time": 13.580480098724365, "number_of_labeled_tuples": 17, "number_of_labeled_cells": 340}