{"precision": 0.898427382053654, "recall": 0.6327035830618892, "f_score": 0.7425076452599388, "tp": 4856.0, "ed_tpfp": 5405.0, "ed_tpfn": 7675, "execution-time": 101.13750076293945, "number_of_labeled_tuples": 4, "number_of_labeled_cells": 68}