{"precision": 0.843436754176611, "recall": 0.7182926829268292, "f_score": 0.7758507135016465, "tp": 3534.0, "ed_tpfp": 4190.0, "ed_tpfn": 4920, "execution-time": 7.425729274749756, "number_of_labeled_tuples": 16, "number_of_labeled_cells": 112}