{"precision": 1.0, "recall": 0.40471512770137524, "f_score": 0.5762237762237763, "tp": 206.0, "ed_tpfp": 206.0, "ed_tpfn": 509, "execution-time": 12.092549562454224, "number_of_labeled_tuples": 17, "number_of_labeled_cells": 340}