{"precision": 1.0, "recall": 0.12180746561886051, "f_score": 0.21716287215411556, "tp": 62.0, "ed_tpfp": 62.0, "ed_tpfn": 509, "execution-time": 10.87857460975647, "number_of_labeled_tuples": 10, "number_of_labeled_cells": 200}