{"precision": 0.6730789119867618, "recall": 0.8479478827361564, "f_score": 0.7504612546125462, "tp": 6508.0, "ed_tpfp": 9669.0, "ed_tpfn": 7675, "execution-time": 104.85527038574219, "number_of_labeled_tuples": 6, "number_of_labeled_cells": 102}