{"precision": 0.8949771689497716, "recall": 0.3850687622789784, "f_score": 0.5384615384615385, "tp": 196.0, "ed_tpfp": 219.0, "ed_tpfn": 509, "execution-time": 12.42432713508606, "number_of_labeled_tuples": 14, "number_of_labeled_cells": 280}