{"precision": 0.7390287369124526, "recall": 0.8644951140065147, "f_score": 0.7968534198042394, "tp": 6635.0, "ed_tpfp": 8978.0, "ed_tpfn": 7675, "execution-time": 111.97587037086487, "number_of_labeled_tuples": 10, "number_of_labeled_cells": 170}