{"precision": 0.9760765550239234, "recall": 0.40078585461689586, "f_score": 0.5682451253481895, "tp": 204.0, "ed_tpfp": 209.0, "ed_tpfn": 509, "execution-time": 10.31637167930603, "number_of_labeled_tuples": 18, "number_of_labeled_cells": 360}