{"precision": 0.9888888888888889, "recall": 0.17485265225933203, "f_score": 0.29716193656093487, "tp": 89.0, "ed_tpfp": 90.0, "ed_tpfn": 509, "execution-time": 8.892177820205688, "number_of_labeled_tuples": 6, "number_of_labeled_cells": 120}