{"precision": 0.6121632996632996, "recall": 0.5912601626016261, "f_score": 0.6015301902398676, "tp": 2909.0, "ed_tpfp": 4752.0, "ed_tpfn": 4920, "execution-time": 4.642202377319336, "number_of_labeled_tuples": 1, "number_of_labeled_cells": 7}