{"precision": 0.5438095238095239, "recall": 0.6023206751054853, "f_score": 0.5715715715715716, "tp": 571.0, "ed_tpfp": 1050.0, "ed_tpfn": 948, "execution-time": 5.199498891830444, "number_of_labeled_tuples": 15, "number_of_labeled_cells": 165}