{"precision": 0.7813801847491396, "recall": 0.8768292682926829, "f_score": 0.8263576285796379, "tp": 4314.0, "ed_tpfp": 5521.0, "ed_tpfn": 4920, "execution-time": 8.475442886352539, "number_of_labeled_tuples": 20, "number_of_labeled_cells": 140}