{"precision": 0.9746835443037974, "recall": 0.1512770137524558, "f_score": 0.2619047619047619, "tp": 77.0, "ed_tpfp": 79.0, "ed_tpfn": 509, "execution-time": 12.067153453826904, "number_of_labeled_tuples": 7, "number_of_labeled_cells": 140}