{"precision": 0.7232472324723247, "recall": 0.3850687622789784, "f_score": 0.5025641025641026, "tp": 196.0, "ed_tpfp": 271.0, "ed_tpfn": 509, "execution-time": 9.766018629074097, "number_of_labeled_tuples": 14, "number_of_labeled_cells": 280}