{"precision": 0.9579207920792079, "recall": 0.7603143418467584, "f_score": 0.8477546549835706, "tp": 387.0, "ed_tpfp": 404.0, "ed_tpfn": 509, "execution-time": 12.769835710525513, "number_of_labeled_tuples": 19, "number_of_labeled_cells": 380}