{"precision": 0.7560236157651189, "recall": 0.9630081300813008, "f_score": 0.8470546169661214, "tp": 4738.0, "ed_tpfp": 6267.0, "ed_tpfn": 4920, "execution-time": 6.003124475479126, "number_of_labeled_tuples": 9, "number_of_labeled_cells": 63}