{"precision": 0.7791150442477877, "recall": 0.8947154471544716, "f_score": 0.8329233680227058, "tp": 4402.0, "ed_tpfp": 5650.0, "ed_tpfn": 4920, "execution-time": 6.84472131729126, "number_of_labeled_tuples": 11, "number_of_labeled_cells": 77}