{"precision": 0.985079575596817, "recall": 0.6811095827602017, "f_score": 0.805367308213608, "tp": 2971.0, "ed_tpfp": 3016.0, "ed_tpfn": 4362, "execution-time": 9.737067461013794, "number_of_labeled_tuples": 3, "number_of_labeled_cells": 33}