{"precision": 0.9105263157894737, "recall": 0.33988212180746563, "f_score": 0.4949928469241774, "tp": 173.0, "ed_tpfp": 190.0, "ed_tpfn": 509, "execution-time": 10.04529070854187, "number_of_labeled_tuples": 18, "number_of_labeled_cells": 360}