{"precision": 0.8951612903225806, "recall": 0.4361493123772102, "f_score": 0.5865257595772788, "tp": 222.0, "ed_tpfp": 248.0, "ed_tpfn": 509, "execution-time": 10.50617790222168, "number_of_labeled_tuples": 20, "number_of_labeled_cells": 400}