{"precision": 0.8179995991180598, "recall": 0.8294715447154472, "f_score": 0.8236956302351399, "tp": 4081.0, "ed_tpfp": 4989.0, "ed_tpfn": 4920, "execution-time": 8.162279605865479, "number_of_labeled_tuples": 20, "number_of_labeled_cells": 140}