{"precision": 0.9824561403508771, "recall": 0.1100196463654224, "f_score": 0.19787985865724383, "tp": 56.0, "ed_tpfp": 57.0, "ed_tpfn": 509, "execution-time": 8.60219407081604, "number_of_labeled_tuples": 3, "number_of_labeled_cells": 60}