{"precision": 0.9048527808069793, "recall": 0.6745934959349593, "f_score": 0.7729389846297159, "tp": 3319.0, "ed_tpfp": 3668.0, "ed_tpfn": 4920, "execution-time": 7.29319953918457, "number_of_labeled_tuples": 14, "number_of_labeled_cells": 98}