{"precision": 0.8072562358276644, "recall": 0.7510548523206751, "f_score": 0.7781420765027321, "tp": 712.0, "ed_tpfp": 882.0, "ed_tpfn": 948, "execution-time": 4.7641987800598145, "number_of_labeled_tuples": 3, "number_of_labeled_cells": 33}