{"precision": 0.9741379310344828, "recall": 0.444007858546169, "f_score": 0.6099865047233468, "tp": 226.0, "ed_tpfp": 232.0, "ed_tpfn": 509, "execution-time": 9.899330615997314, "number_of_labeled_tuples": 15, "number_of_labeled_cells": 300}