{"precision": 0.9982771351218311, "recall": 0.9298486932599724, "f_score": 0.9628486646884272, "tp": 4056.0, "ed_tpfp": 4063.0, "ed_tpfn": 4362, "execution-time": 11.19199514389038, "number_of_labeled_tuples": 10, "number_of_labeled_cells": 110}