{"precision": 0.9456066945606695, "recall": 0.444007858546169, "f_score": 0.6042780748663102, "tp": 226.0, "ed_tpfp": 239.0, "ed_tpfn": 509, "execution-time": 10.168243408203125, "number_of_labeled_tuples": 17, "number_of_labeled_cells": 340}