{"precision": 1.0, "recall": 0.9385602934433745, "f_score": 0.9683065279091769, "tp": 4094.0, "ed_tpfp": 4094.0, "ed_tpfn": 4362, "execution-time": 10.559621572494507, "number_of_labeled_tuples": 8, "number_of_labeled_cells": 88}