{"precision": 0.9757085020242915, "recall": 0.47347740667976423, "f_score": 0.6375661375661376, "tp": 241.0, "ed_tpfp": 247.0, "ed_tpfn": 509, "execution-time": 9.915290117263794, "number_of_labeled_tuples": 16, "number_of_labeled_cells": 320}