{"precision": 0.6655743844209344, "recall": 0.9262540716612377, "f_score": 0.7745696230115494, "tp": 7109.0, "ed_tpfp": 10681.0, "ed_tpfn": 7675, "execution-time": 480.6049726009369, "number_of_labeled_tuples": 9, "number_of_labeled_cells": 153}