{"precision": 0.9823321554770318, "recall": 0.5461689587426326, "f_score": 0.702020202020202, "tp": 278.0, "ed_tpfp": 283.0, "ed_tpfn": 509, "execution-time": 10.320261716842651, "number_of_labeled_tuples": 16, "number_of_labeled_cells": 320}