{"precision": 0.8101408450704225, "recall": 0.8768292682926829, "f_score": 0.8421669106881406, "tp": 4314.0, "ed_tpfp": 5325.0, "ed_tpfn": 4920, "execution-time": 8.28303837776184, "number_of_labeled_tuples": 20, "number_of_labeled_cells": 140}