{"precision": 1.0, "recall": 0.1787819253438114, "f_score": 0.30333333333333334, "tp": 91.0, "ed_tpfp": 91.0, "ed_tpfn": 509, "execution-time": 8.891240358352661, "number_of_labeled_tuples": 9, "number_of_labeled_cells": 180}