{"precision": 0.9333333333333333, "recall": 0.1650294695481336, "f_score": 0.2804674457429049, "tp": 84.0, "ed_tpfp": 90.0, "ed_tpfn": 509, "execution-time": 10.559868812561035, "number_of_labeled_tuples": 7, "number_of_labeled_cells": 140}