{"precision": 1.0, "recall": 0.46954813359528486, "f_score": 0.6390374331550802, "tp": 239.0, "ed_tpfp": 239.0, "ed_tpfn": 509, "execution-time": 9.839421510696411, "number_of_labeled_tuples": 15, "number_of_labeled_cells": 300}