{"precision": 0.9983439791814526, "recall": 0.9674461256304447, "f_score": 0.9826522295959949, "tp": 4220.0, "ed_tpfp": 4227.0, "ed_tpfn": 4362, "execution-time": 10.314509153366089, "number_of_labeled_tuples": 6, "number_of_labeled_cells": 66}