{"precision": 0.9816176470588235, "recall": 0.5245579567779961, "f_score": 0.6837387964148529, "tp": 267.0, "ed_tpfp": 272.0, "ed_tpfn": 509, "execution-time": 11.7510347366333, "number_of_labeled_tuples": 20, "number_of_labeled_cells": 400}