{"precision": 0.9799426934097422, "recall": 0.6719056974459725, "f_score": 0.7972027972027973, "tp": 342.0, "ed_tpfp": 349.0, "ed_tpfn": 509, "execution-time": 10.523773193359375, "number_of_labeled_tuples": 19, "number_of_labeled_cells": 380}