{"precision": 0.9332694763729247, "recall": 0.7616938110749185, "f_score": 0.8387976181935576, "tp": 5846.0, "ed_tpfp": 6264.0, "ed_tpfn": 7675, "execution-time": 107.58768320083618, "number_of_labeled_tuples": 10, "number_of_labeled_cells": 170}