{"precision": 0.8236331569664903, "recall": 0.49261603375527424, "f_score": 0.6165016501650165, "tp": 467.0, "ed_tpfp": 567.0, "ed_tpfn": 948, "execution-time": 6.333271503448486, "number_of_labeled_tuples": 15, "number_of_labeled_cells": 165}