{"precision": 0.9868421052631579, "recall": 0.14734774066797643, "f_score": 0.2564102564102564, "tp": 75.0, "ed_tpfp": 76.0, "ed_tpfn": 509, "execution-time": 8.711253881454468, "number_of_labeled_tuples": 6, "number_of_labeled_cells": 120}