{"precision": 0.8368839026849868, "recall": 0.8650162866449511, "f_score": 0.850717580727832, "tp": 6639.0, "ed_tpfp": 7933.0, "ed_tpfn": 7675, "execution-time": 110.89374709129333, "number_of_labeled_tuples": 11, "number_of_labeled_cells": 187}