{"precision": 0.8767772511848341, "recall": 0.36345776031434185, "f_score": 0.5138888888888888, "tp": 185.0, "ed_tpfp": 211.0, "ed_tpfn": 509, "execution-time": 11.972340106964111, "number_of_labeled_tuples": 13, "number_of_labeled_cells": 260}