{"precision": 0.7580558055805581, "recall": 0.8558943089430894, "f_score": 0.8040095465393795, "tp": 4211.0, "ed_tpfp": 5555.0, "ed_tpfn": 4920, "execution-time": 7.931529521942139, "number_of_labeled_tuples": 18, "number_of_labeled_cells": 126}