{"precision": 0.8500731350560702, "recall": 0.708739837398374, "f_score": 0.7729993349589891, "tp": 3487.0, "ed_tpfp": 4102.0, "ed_tpfn": 4920, "execution-time": 6.352834701538086, "number_of_labeled_tuples": 9, "number_of_labeled_cells": 63}