{"precision": 0.9760765550239234, "recall": 0.40078585461689586, "f_score": 0.5682451253481895, "tp": 204.0, "ed_tpfp": 209.0, "ed_tpfn": 509, "execution-time": 9.814950466156006, "number_of_labeled_tuples": 15, "number_of_labeled_cells": 300}