{"precision": 0.9421338155515371, "recall": 0.741260162601626, "f_score": 0.8297122056648845, "tp": 3647.0, "ed_tpfp": 3871.0, "ed_tpfn": 4920, "execution-time": 6.723236560821533, "number_of_labeled_tuples": 11, "number_of_labeled_cells": 77}