{"precision": 0.9109062980030722, "recall": 0.6255274261603375, "f_score": 0.7417135709818635, "tp": 593.0, "ed_tpfp": 651.0, "ed_tpfn": 948, "execution-time": 5.271679162979126, "number_of_labeled_tuples": 18, "number_of_labeled_cells": 198}