{"precision": 1.0, "recall": 0.49901768172888017, "f_score": 0.6657929226736565, "tp": 254.0, "ed_tpfp": 254.0, "ed_tpfn": 509, "execution-time": 9.835635423660278, "number_of_labeled_tuples": 13, "number_of_labeled_cells": 260}