{"precision": 0.8652291105121294, "recall": 0.6772151898734177, "f_score": 0.7597633136094674, "tp": 642.0, "ed_tpfp": 742.0, "ed_tpfn": 948, "execution-time": 5.26439905166626, "number_of_labeled_tuples": 9, "number_of_labeled_cells": 99}