{"precision": 0.9822164948453608, "recall": 0.8736817973406694, "f_score": 0.9247755399174957, "tp": 3811.0, "ed_tpfp": 3880.0, "ed_tpfn": 4362, "execution-time": 11.727264642715454, "number_of_labeled_tuples": 13, "number_of_labeled_cells": 143}