{"precision": 0.7940417848852205, "recall": 0.8022149837133551, "f_score": 0.7981074599779636, "tp": 6157.0, "ed_tpfp": 7754.0, "ed_tpfn": 7675, "execution-time": 105.55452346801758, "number_of_labeled_tuples": 7, "number_of_labeled_cells": 119}