{"precision": 0.8652911026416086, "recall": 0.8578501628664496, "f_score": 0.8615545668673122, "tp": 6584.0, "ed_tpfp": 7609.0, "ed_tpfn": 7675, "execution-time": 102.71177816390991, "number_of_labeled_tuples": 15, "number_of_labeled_cells": 255}