{"precision": 0.4163265306122449, "recall": 0.20039292730844793, "f_score": 0.27055702917771884, "tp": 102.0, "ed_tpfp": 245.0, "ed_tpfn": 509, "execution-time": 8.43777585029602, "number_of_labeled_tuples": 5, "number_of_labeled_cells": 100}