{"precision": 0.9895833333333334, "recall": 0.18664047151277013, "f_score": 0.31404958677685946, "tp": 95.0, "ed_tpfp": 96.0, "ed_tpfn": 509, "execution-time": 8.7977135181427, "number_of_labeled_tuples": 7, "number_of_labeled_cells": 140}