{"precision": 0.8383502170767004, "recall": 0.7547882736156352, "f_score": 0.7943777853959548, "tp": 5793.0, "ed_tpfp": 6910.0, "ed_tpfn": 7675, "execution-time": 99.3627622127533, "number_of_labeled_tuples": 4, "number_of_labeled_cells": 68}