{"precision": 0.024, "recall": 0.047151277013752456, "f_score": 0.03180914512922465, "tp": 24.0, "ed_tpfp": 1000.0, "ed_tpfn": 509, "execution-time": 11.266348123550415, "number_of_labeled_tuples": 1, "number_of_labeled_cells": 20}