{"precision": 0.9278996865203761, "recall": 0.581532416502947, "f_score": 0.714975845410628, "tp": 296.0, "ed_tpfp": 319.0, "ed_tpfn": 509, "execution-time": 9.757225513458252, "number_of_labeled_tuples": 14, "number_of_labeled_cells": 280}