{"precision": 0.7777777777777778, "recall": 0.1650294695481336, "f_score": 0.2722852512155592, "tp": 84.0, "ed_tpfp": 108.0, "ed_tpfn": 509, "execution-time": 11.050510883331299, "number_of_labeled_tuples": 5, "number_of_labeled_cells": 100}