{"precision": 0.9650580168776371, "recall": 0.953615635179153, "f_score": 0.9593027065993839, "tp": 7319.0, "ed_tpfp": 7584.0, "ed_tpfn": 7675, "execution-time": 120.94983386993408, "number_of_labeled_tuples": 16, "number_of_labeled_cells": 272}