{"precision": 0.8619402985074627, "recall": 0.4538310412573674, "f_score": 0.5945945945945946, "tp": 231.0, "ed_tpfp": 268.0, "ed_tpfn": 509, "execution-time": 11.682352304458618, "number_of_labeled_tuples": 14, "number_of_labeled_cells": 280}