{"precision": 0.8360488798370672, "recall": 0.8660337552742616, "f_score": 0.8507772020725389, "tp": 821.0, "ed_tpfp": 982.0, "ed_tpfn": 948, "execution-time": 5.1895081996917725, "number_of_labeled_tuples": 16, "number_of_labeled_cells": 176}