{"precision": 0.8239202657807309, "recall": 0.9370684039087948, "f_score": 0.8768593026091197, "tp": 7192.0, "ed_tpfp": 8729.0, "ed_tpfn": 7675, "execution-time": 92.9547393321991, "number_of_labeled_tuples": 6, "number_of_labeled_cells": 102}