{"precision": 1.0, "recall": 0.4027504911591356, "f_score": 0.5742296918767508, "tp": 205.0, "ed_tpfp": 205.0, "ed_tpfn": 509, "execution-time": 9.859292984008789, "number_of_labeled_tuples": 14, "number_of_labeled_cells": 280}