{"precision": 0.8946796959826275, "recall": 0.8588925081433225, "f_score": 0.8764209266768596, "tp": 6592.0, "ed_tpfp": 7368.0, "ed_tpfn": 7675, "execution-time": 108.89327073097229, "number_of_labeled_tuples": 16, "number_of_labeled_cells": 272}