{"precision": 0.7196414017929911, "recall": 0.8973577235772358, "f_score": 0.7987336047037539, "tp": 4415.0, "ed_tpfp": 6135.0, "ed_tpfn": 4920, "execution-time": 6.25024938583374, "number_of_labeled_tuples": 9, "number_of_labeled_cells": 63}