{"precision": 0.8527038419848247, "recall": 0.9224755700325733, "f_score": 0.8862185505069471, "tp": 7080.0, "ed_tpfp": 8303.0, "ed_tpfn": 7675, "execution-time": 113.77895164489746, "number_of_labeled_tuples": 17, "number_of_labeled_cells": 289}