{"precision": 0.9736842105263158, "recall": 0.07269155206286837, "f_score": 0.13528336380255943, "tp": 37.0, "ed_tpfp": 38.0, "ed_tpfn": 509, "execution-time": 10.068615198135376, "number_of_labeled_tuples": 6, "number_of_labeled_cells": 120}