{"precision": 0.9068627450980392, "recall": 0.36345776031434185, "f_score": 0.5189340813464236, "tp": 185.0, "ed_tpfp": 204.0, "ed_tpfn": 509, "execution-time": 12.588634014129639, "number_of_labeled_tuples": 13, "number_of_labeled_cells": 260}