{"precision": 0.7115384615384616, "recall": 0.8586497890295358, "f_score": 0.7782026768642447, "tp": 814.0, "ed_tpfp": 1144.0, "ed_tpfn": 948, "execution-time": 5.41585373878479, "number_of_labeled_tuples": 14, "number_of_labeled_cells": 154}