{"precision": 0.8388278388278388, "recall": 0.449901768172888, "f_score": 0.5856777493606138, "tp": 229.0, "ed_tpfp": 273.0, "ed_tpfn": 509, "execution-time": 9.919434070587158, "number_of_labeled_tuples": 14, "number_of_labeled_cells": 280}