{"precision": 0.726027397260274, "recall": 0.10412573673870335, "f_score": 0.18213058419243985, "tp": 53.0, "ed_tpfp": 73.0, "ed_tpfn": 509, "execution-time": 11.273366689682007, "number_of_labeled_tuples": 4, "number_of_labeled_cells": 80}