{"precision": 0.7221265604821352, "recall": 0.8742671009771987, "f_score": 0.7909471326692992, "tp": 6710.0, "ed_tpfp": 9292.0, "ed_tpfn": 7675, "execution-time": 94.58902263641357, "number_of_labeled_tuples": 8, "number_of_labeled_cells": 136}