{"precision": 0.9768339768339769, "recall": 0.49705304518664045, "f_score": 0.6588541666666667, "tp": 253.0, "ed_tpfp": 259.0, "ed_tpfn": 509, "execution-time": 10.291057348251343, "number_of_labeled_tuples": 18, "number_of_labeled_cells": 360}