{"precision": 0.9672131147540983, "recall": 0.3477406679764244, "f_score": 0.5115606936416185, "tp": 177.0, "ed_tpfp": 183.0, "ed_tpfn": 509, "execution-time": 11.471386194229126, "number_of_labeled_tuples": 9, "number_of_labeled_cells": 180}