{"precision": 0.21551724137931033, "recall": 0.14734774066797643, "f_score": 0.1750291715285881, "tp": 75.0, "ed_tpfp": 348.0, "ed_tpfn": 509, "execution-time": 11.284711360931396, "number_of_labeled_tuples": 7, "number_of_labeled_cells": 140}