{"precision": 0.80386542591267, "recall": 0.8779153094462541, "f_score": 0.8392601357663324, "tp": 6738.0, "ed_tpfp": 8382.0, "ed_tpfn": 7675, "execution-time": 117.46791291236877, "number_of_labeled_tuples": 14, "number_of_labeled_cells": 238}