{"precision": 0.9573693787366779, "recall": 0.8443374598807887, "f_score": 0.8973078328663663, "tp": 3683.0, "ed_tpfp": 3847.0, "ed_tpfn": 4362, "execution-time": 10.63552975654602, "number_of_labeled_tuples": 6, "number_of_labeled_cells": 66}