{"precision": 0.9250814332247557, "recall": 0.5579567779960707, "f_score": 0.6960784313725491, "tp": 284.0, "ed_tpfp": 307.0, "ed_tpfn": 509, "execution-time": 10.081480026245117, "number_of_labeled_tuples": 17, "number_of_labeled_cells": 340}