{"precision": 0.8838209982788297, "recall": 0.9417698303530491, "f_score": 0.9118756936736959, "tp": 4108.0, "ed_tpfp": 4648.0, "ed_tpfn": 4362, "execution-time": 9.688841342926025, "number_of_labeled_tuples": 4, "number_of_labeled_cells": 44}