{"precision": 0.798787091184752, "recall": 0.7495934959349594, "f_score": 0.7734088287721507, "tp": 3688.0, "ed_tpfp": 4617.0, "ed_tpfn": 4920, "execution-time": 7.026808977127075, "number_of_labeled_tuples": 13, "number_of_labeled_cells": 91}