{"precision": 0.9766666666666667, "recall": 0.5756385068762279, "f_score": 0.7243510506798516, "tp": 293.0, "ed_tpfp": 300.0, "ed_tpfn": 509, "execution-time": 10.33142876625061, "number_of_labeled_tuples": 20, "number_of_labeled_cells": 400}