{"precision": 0.8156209987195903, "recall": 0.6719409282700421, "f_score": 0.7368421052631579, "tp": 637.0, "ed_tpfp": 781.0, "ed_tpfn": 948, "execution-time": 5.003952980041504, "number_of_labeled_tuples": 6, "number_of_labeled_cells": 66}