{"precision": 0.9661016949152542, "recall": 0.44793713163064836, "f_score": 0.6120805369127517, "tp": 228.0, "ed_tpfp": 236.0, "ed_tpfn": 509, "execution-time": 12.266758441925049, "number_of_labeled_tuples": 11, "number_of_labeled_cells": 220}