{"precision": 0.6847412285214528, "recall": 0.867100977198697, "f_score": 0.7652063930090836, "tp": 6655.0, "ed_tpfp": 9719.0, "ed_tpfn": 7675, "execution-time": 107.19572854042053, "number_of_labeled_tuples": 8, "number_of_labeled_cells": 136}