{"precision": 0.8780841799709724, "recall": 0.6381856540084389, "f_score": 0.7391569945021381, "tp": 605.0, "ed_tpfp": 689.0, "ed_tpfn": 948, "execution-time": 5.558560848236084, "number_of_labeled_tuples": 11, "number_of_labeled_cells": 121}