{"precision": 0.9054545454545454, "recall": 0.48919449901768175, "f_score": 0.6352040816326531, "tp": 249.0, "ed_tpfp": 275.0, "ed_tpfn": 509, "execution-time": 9.776469469070435, "number_of_labeled_tuples": 14, "number_of_labeled_cells": 280}