{"precision": 0.9174311926605505, "recall": 0.19646365422396855, "f_score": 0.32362459546925565, "tp": 100.0, "ed_tpfp": 109.0, "ed_tpfn": 509, "execution-time": 9.019941806793213, "number_of_labeled_tuples": 8, "number_of_labeled_cells": 160}