{"precision": 0.8149789497008642, "recall": 0.7475609756097561, "f_score": 0.7798155411852009, "tp": 3678.0, "ed_tpfp": 4513.0, "ed_tpfn": 4920, "execution-time": 5.2290239334106445, "number_of_labeled_tuples": 3, "number_of_labeled_cells": 21}