{"precision": 0.9552238805970149, "recall": 0.25147347740667975, "f_score": 0.39813374805598756, "tp": 128.0, "ed_tpfp": 134.0, "ed_tpfn": 509, "execution-time": 9.047208070755005, "number_of_labeled_tuples": 8, "number_of_labeled_cells": 160}