{"precision": 0.7948137476847088, "recall": 0.7849593495934959, "f_score": 0.7898558134778607, "tp": 3862.0, "ed_tpfp": 4859.0, "ed_tpfn": 4920, "execution-time": 6.026016473770142, "number_of_labeled_tuples": 6, "number_of_labeled_cells": 42}