{"precision": 0.6963503649635037, "recall": 0.5031645569620253, "f_score": 0.5842008573178199, "tp": 477.0, "ed_tpfp": 685.0, "ed_tpfn": 948, "execution-time": 5.3939385414123535, "number_of_labeled_tuples": 3, "number_of_labeled_cells": 33}