{"precision": 0.9726027397260274, "recall": 0.41846758349705304, "f_score": 0.5851648351648352, "tp": 213.0, "ed_tpfp": 219.0, "ed_tpfn": 509, "execution-time": 10.380993604660034, "number_of_labeled_tuples": 20, "number_of_labeled_cells": 400}