{"precision": 0.7833001988071571, "recall": 0.8312236286919831, "f_score": 0.8065506653019447, "tp": 788.0, "ed_tpfp": 1006.0, "ed_tpfn": 948, "execution-time": 6.042670726776123, "number_of_labeled_tuples": 15, "number_of_labeled_cells": 165}