{"precision": 1.0, "recall": 0.3320235756385069, "f_score": 0.4985250737463127, "tp": 169.0, "ed_tpfp": 169.0, "ed_tpfn": 509, "execution-time": 9.26019549369812, "number_of_labeled_tuples": 11, "number_of_labeled_cells": 220}