{"precision": 0.7345132743362832, "recall": 0.70042194092827, "f_score": 0.717062634989201, "tp": 664.0, "ed_tpfp": 904.0, "ed_tpfn": 948, "execution-time": 4.07943320274353, "number_of_labeled_tuples": 3, "number_of_labeled_cells": 33}