{"precision": 0.15706806282722513, "recall": 0.05893909626719057, "f_score": 0.08571428571428572, "tp": 30.0, "ed_tpfp": 191.0, "ed_tpfn": 509, "execution-time": 11.435759782791138, "number_of_labeled_tuples": 3, "number_of_labeled_cells": 60}