{"precision": 0.7664233576642335, "recall": 0.11075949367088607, "f_score": 0.19354838709677416, "tp": 105.0, "ed_tpfp": 137.0, "ed_tpfn": 948, "execution-time": 5.323369979858398, "number_of_labeled_tuples": 7, "number_of_labeled_cells": 77}