{"precision": 0.8345323741007195, "recall": 0.7341772151898734, "f_score": 0.7811447811447813, "tp": 696.0, "ed_tpfp": 834.0, "ed_tpfn": 948, "execution-time": 4.880356550216675, "number_of_labeled_tuples": 9, "number_of_labeled_cells": 99}