{"precision": 0.8008193758284131, "recall": 0.865928338762215, "f_score": 0.8321021660197822, "tp": 6646.0, "ed_tpfp": 8299.0, "ed_tpfn": 7675, "execution-time": 101.22903180122375, "number_of_labeled_tuples": 19, "number_of_labeled_cells": 323}