{"precision": 0.8141876936697654, "recall": 0.9585667752442997, "f_score": 0.880497875650769, "tp": 7357.0, "ed_tpfp": 9036.0, "ed_tpfn": 7675, "execution-time": 104.61153984069824, "number_of_labeled_tuples": 17, "number_of_labeled_cells": 289}