{"precision": 0.48935609306004085, "recall": 0.9674267100977199, "f_score": 0.6499474789915966, "tp": 7425.0, "ed_tpfp": 15173.0, "ed_tpfn": 7675, "execution-time": 133.3709273338318, "number_of_labeled_tuples": 12, "number_of_labeled_cells": 204}