{"precision": 0.9562043795620438, "recall": 0.25736738703339884, "f_score": 0.4055727554179567, "tp": 131.0, "ed_tpfp": 137.0, "ed_tpfn": 509, "execution-time": 11.338778734207153, "number_of_labeled_tuples": 13, "number_of_labeled_cells": 260}