{"precision": 0.7939759036144578, "recall": 0.6951476793248945, "f_score": 0.7412823397075365, "tp": 659.0, "ed_tpfp": 830.0, "ed_tpfn": 948, "execution-time": 6.211400985717773, "number_of_labeled_tuples": 14, "number_of_labeled_cells": 154}