{"precision": 0.9423076923076923, "recall": 0.5776031434184676, "f_score": 0.7161997563946407, "tp": 294.0, "ed_tpfp": 312.0, "ed_tpfn": 509, "execution-time": 10.330262899398804, "number_of_labeled_tuples": 20, "number_of_labeled_cells": 400}