{"precision": 0.8614285714285714, "recall": 0.6360759493670886, "f_score": 0.7317961165048542, "tp": 603.0, "ed_tpfp": 700.0, "ed_tpfn": 948, "execution-time": 5.3583290576934814, "number_of_labeled_tuples": 19, "number_of_labeled_cells": 209}