{"precision": 0.5195707070707071, "recall": 0.5018292682926829, "f_score": 0.510545905707196, "tp": 2469.0, "ed_tpfp": 4752.0, "ed_tpfn": 4920, "execution-time": 4.776425123214722, "number_of_labeled_tuples": 1, "number_of_labeled_cells": 7}