{"precision": 0.9304020100502512, "recall": 0.7526422764227643, "f_score": 0.8321348314606742, "tp": 3703.0, "ed_tpfp": 3980.0, "ed_tpfn": 4920, "execution-time": 6.236341953277588, "number_of_labeled_tuples": 8, "number_of_labeled_cells": 56}