{"precision": 0.9000206996481059, "recall": 0.9967904630903255, "f_score": 0.9459371260741868, "tp": 4348.0, "ed_tpfp": 4831.0, "ed_tpfn": 4362, "execution-time": 10.460058689117432, "number_of_labeled_tuples": 5, "number_of_labeled_cells": 55}