{"precision": 1.0, "recall": 0.35363457760314343, "f_score": 0.5224963715529753, "tp": 180.0, "ed_tpfp": 180.0, "ed_tpfn": 509, "execution-time": 9.661098003387451, "number_of_labeled_tuples": 12, "number_of_labeled_cells": 240}