{"precision": 0.8650947982498784, "recall": 0.7233739837398374, "f_score": 0.7879123311932699, "tp": 3559.0, "ed_tpfp": 4114.0, "ed_tpfn": 4920, "execution-time": 6.610844135284424, "number_of_labeled_tuples": 10, "number_of_labeled_cells": 70}