{"precision": 1.0, "recall": 0.6227897838899804, "f_score": 0.7675544794188862, "tp": 317.0, "ed_tpfp": 317.0, "ed_tpfn": 509, "execution-time": 13.365467071533203, "number_of_labeled_tuples": 20, "number_of_labeled_cells": 400}