{"precision": 0.5, "recall": 0.0019646365422396855, "f_score": 0.003913894324853229, "tp": 1.0, "ed_tpfp": 2.0, "ed_tpfn": 509, "execution-time": 8.614426851272583, "number_of_labeled_tuples": 5, "number_of_labeled_cells": 100}