{"precision": 0.8015748031496063, "recall": 0.5369198312236287, "f_score": 0.6430827542640556, "tp": 509.0, "ed_tpfp": 635.0, "ed_tpfn": 948, "execution-time": 4.534370422363281, "number_of_labeled_tuples": 6, "number_of_labeled_cells": 66}