{"precision": 0.6788577859051906, "recall": 0.9808943089430894, "f_score": 0.8023942139828748, "tp": 4826.0, "ed_tpfp": 7109.0, "ed_tpfn": 4920, "execution-time": 6.0566651821136475, "number_of_labeled_tuples": 8, "number_of_labeled_cells": 56}