{"precision": 0.30029154518950435, "recall": 0.20235756385068762, "f_score": 0.2417840375586854, "tp": 103.0, "ed_tpfp": 343.0, "ed_tpfn": 509, "execution-time": 11.554787874221802, "number_of_labeled_tuples": 7, "number_of_labeled_cells": 140}