{"precision": 0.96, "recall": 0.2829076620825147, "f_score": 0.4370257966616084, "tp": 144.0, "ed_tpfp": 150.0, "ed_tpfn": 509, "execution-time": 9.202326536178589, "number_of_labeled_tuples": 9, "number_of_labeled_cells": 180}