{"precision": 0.9242773087746227, "recall": 0.9414983713355048, "f_score": 0.9328083650680952, "tp": 7226.0, "ed_tpfp": 7818.0, "ed_tpfn": 7675, "execution-time": 108.07560682296753, "number_of_labeled_tuples": 15, "number_of_labeled_cells": 255}