{"precision": 0.9591836734693877, "recall": 0.09233791748526522, "f_score": 0.16845878136200718, "tp": 47.0, "ed_tpfp": 49.0, "ed_tpfn": 509, "execution-time": 8.958908796310425, "number_of_labeled_tuples": 7, "number_of_labeled_cells": 140}