{"precision": 0.8118072834200407, "recall": 0.7294715447154472, "f_score": 0.7684402098276415, "tp": 3589.0, "ed_tpfp": 4421.0, "ed_tpfn": 4920, "execution-time": 7.2933080196380615, "number_of_labeled_tuples": 14, "number_of_labeled_cells": 98}