{"precision": 0.8125, "recall": 0.8227848101265823, "f_score": 0.8176100628930818, "tp": 780.0, "ed_tpfp": 960.0, "ed_tpfn": 948, "execution-time": 5.808875799179077, "number_of_labeled_tuples": 17, "number_of_labeled_cells": 187}