{"precision": 0.8171557562076749, "recall": 0.7637130801687764, "f_score": 0.7895310796074153, "tp": 724.0, "ed_tpfp": 886.0, "ed_tpfn": 948, "execution-time": 5.705347061157227, "number_of_labeled_tuples": 12, "number_of_labeled_cells": 132}