{"precision": 1.0, "recall": 0.137524557956778, "f_score": 0.24179620034542315, "tp": 70.0, "ed_tpfp": 70.0, "ed_tpfn": 509, "execution-time": 11.644773960113525, "number_of_labeled_tuples": 6, "number_of_labeled_cells": 120}