{"precision": 0.9156050955414012, "recall": 0.6065400843881856, "f_score": 0.7296954314720813, "tp": 575.0, "ed_tpfp": 628.0, "ed_tpfn": 948, "execution-time": 5.50306248664856, "number_of_labeled_tuples": 7, "number_of_labeled_cells": 77}