{"precision": 0.9692307692307692, "recall": 0.1237721021611002, "f_score": 0.21951219512195125, "tp": 63.0, "ed_tpfp": 65.0, "ed_tpfn": 509, "execution-time": 10.816341400146484, "number_of_labeled_tuples": 4, "number_of_labeled_cells": 80}