{"precision": 0.827804410354746, "recall": 0.8774390243902439, "f_score": 0.8518993586581154, "tp": 4317.0, "ed_tpfp": 5215.0, "ed_tpfn": 4920, "execution-time": 8.246166467666626, "number_of_labeled_tuples": 19, "number_of_labeled_cells": 133}