{"precision": 0.8590163934426229, "recall": 0.5147347740667977, "f_score": 0.6437346437346438, "tp": 262.0, "ed_tpfp": 305.0, "ed_tpfn": 509, "execution-time": 10.348804712295532, "number_of_labeled_tuples": 18, "number_of_labeled_cells": 360}