{"precision": 0.9473684210526315, "recall": 0.2829076620825147, "f_score": 0.43570347957639943, "tp": 144.0, "ed_tpfp": 152.0, "ed_tpfn": 509, "execution-time": 9.146229267120361, "number_of_labeled_tuples": 8, "number_of_labeled_cells": 160}