{"precision": 0.9640287769784173, "recall": 0.2632612966601179, "f_score": 0.4135802469135802, "tp": 134.0, "ed_tpfp": 139.0, "ed_tpfn": 509, "execution-time": 9.481284856796265, "number_of_labeled_tuples": 13, "number_of_labeled_cells": 260}