{"precision": 0.9836065573770492, "recall": 0.35363457760314343, "f_score": 0.5202312138728324, "tp": 180.0, "ed_tpfp": 183.0, "ed_tpfn": 509, "execution-time": 11.258696794509888, "number_of_labeled_tuples": 8, "number_of_labeled_cells": 160}