{"precision": 0.7636363636363637, "recall": 0.1650294695481336, "f_score": 0.27140549273021003, "tp": 84.0, "ed_tpfp": 110.0, "ed_tpfn": 509, "execution-time": 8.590537786483765, "number_of_labeled_tuples": 5, "number_of_labeled_cells": 100}