{"precision": 0.36538461538461536, "recall": 0.29862475442043224, "f_score": 0.3286486486486487, "tp": 152.0, "ed_tpfp": 416.0, "ed_tpfn": 509, "execution-time": 11.35917329788208, "number_of_labeled_tuples": 6, "number_of_labeled_cells": 120}