{"precision": 0.8873239436619719, "recall": 0.1237721021611002, "f_score": 0.21724137931034485, "tp": 63.0, "ed_tpfp": 71.0, "ed_tpfn": 509, "execution-time": 8.425601959228516, "number_of_labeled_tuples": 3, "number_of_labeled_cells": 60}