{"precision": 0.83875, "recall": 0.7078059071729957, "f_score": 0.7677345537757437, "tp": 671.0, "ed_tpfp": 800.0, "ed_tpfn": 948, "execution-time": 5.576900482177734, "number_of_labeled_tuples": 6, "number_of_labeled_cells": 66}