{"precision": 0.8048780487804879, "recall": 0.06483300589390963, "f_score": 0.12000000000000001, "tp": 33.0, "ed_tpfp": 41.0, "ed_tpfn": 509, "execution-time": 11.669765949249268, "number_of_labeled_tuples": 4, "number_of_labeled_cells": 80}