{"precision": 0.8657465495608532, "recall": 0.7012195121951219, "f_score": 0.7748455923638405, "tp": 3450.0, "ed_tpfp": 3985.0, "ed_tpfn": 4920, "execution-time": 7.393360376358032, "number_of_labeled_tuples": 16, "number_of_labeled_cells": 112}