{"precision": 0.7231182795698925, "recall": 0.5284872298624754, "f_score": 0.6106696935300795, "tp": 269.0, "ed_tpfp": 372.0, "ed_tpfn": 509, "execution-time": 12.722548484802246, "number_of_labeled_tuples": 16, "number_of_labeled_cells": 320}