{"precision": 0.7006369426751592, "recall": 0.43222003929273084, "f_score": 0.534629404617254, "tp": 220.0, "ed_tpfp": 314.0, "ed_tpfn": 509, "execution-time": 11.092149257659912, "number_of_labeled_tuples": 12, "number_of_labeled_cells": 240}