{"precision": 0.8984375, "recall": 0.4518664047151277, "f_score": 0.6013071895424836, "tp": 230.0, "ed_tpfp": 256.0, "ed_tpfn": 509, "execution-time": 9.94153118133545, "number_of_labeled_tuples": 16, "number_of_labeled_cells": 320}