{"precision": 0.811965811965812, "recall": 0.8016877637130801, "f_score": 0.8067940552016986, "tp": 760.0, "ed_tpfp": 936.0, "ed_tpfn": 948, "execution-time": 5.088091135025024, "number_of_labeled_tuples": 15, "number_of_labeled_cells": 165}