{"precision": 1.0, "recall": 0.16895874263261296, "f_score": 0.2890756302521008, "tp": 86.0, "ed_tpfp": 86.0, "ed_tpfn": 509, "execution-time": 8.862525463104248, "number_of_labeled_tuples": 7, "number_of_labeled_cells": 140}