{"precision": 0.5470383275261324, "recall": 0.30844793713163066, "f_score": 0.3944723618090452, "tp": 157.0, "ed_tpfp": 287.0, "ed_tpfn": 509, "execution-time": 9.407348871231079, "number_of_labeled_tuples": 9, "number_of_labeled_cells": 180}