{"precision": 0.23134328358208955, "recall": 0.24361493123772102, "f_score": 0.2373205741626794, "tp": 124.0, "ed_tpfp": 536.0, "ed_tpfn": 509, "execution-time": 11.772140502929688, "number_of_labeled_tuples": 5, "number_of_labeled_cells": 100}