{"precision": 1.0, "recall": 0.01768172888015717, "f_score": 0.03474903474903475, "tp": 9.0, "ed_tpfp": 9.0, "ed_tpfn": 509, "execution-time": 8.645253896713257, "number_of_labeled_tuples": 5, "number_of_labeled_cells": 100}