{"precision": 0.992, "recall": 0.24361493123772102, "f_score": 0.3911671924290221, "tp": 124.0, "ed_tpfp": 125.0, "ed_tpfn": 509, "execution-time": 9.07300877571106, "number_of_labeled_tuples": 8, "number_of_labeled_cells": 160}