{"precision": 0.8876404494382022, "recall": 0.4656188605108055, "f_score": 0.6108247422680412, "tp": 237.0, "ed_tpfp": 267.0, "ed_tpfn": 509, "execution-time": 12.194499731063843, "number_of_labeled_tuples": 12, "number_of_labeled_cells": 240}