{"precision": 0.9761904761904762, "recall": 0.5638506876227898, "f_score": 0.7148194271481941, "tp": 287.0, "ed_tpfp": 294.0, "ed_tpfn": 509, "execution-time": 10.581811428070068, "number_of_labeled_tuples": 19, "number_of_labeled_cells": 380}