{"precision": 1.0, "recall": 0.11984282907662082, "f_score": 0.21403508771929822, "tp": 61.0, "ed_tpfp": 61.0, "ed_tpfn": 509, "execution-time": 11.940158128738403, "number_of_labeled_tuples": 7, "number_of_labeled_cells": 140}