{"precision": 0.9921259842519685, "recall": 0.2475442043222004, "f_score": 0.3962264150943396, "tp": 126.0, "ed_tpfp": 127.0, "ed_tpfn": 509, "execution-time": 12.357491493225098, "number_of_labeled_tuples": 4, "number_of_labeled_cells": 80}