{"precision": 0.833648393194707, "recall": 0.8618892508143322, "f_score": 0.8475336322869954, "tp": 6615.0, "ed_tpfp": 7935.0, "ed_tpfn": 7675, "execution-time": 100.94195318222046, "number_of_labeled_tuples": 14, "number_of_labeled_cells": 238}