{"precision": 0.9612903225806452, "recall": 0.29273084479371314, "f_score": 0.4487951807228916, "tp": 149.0, "ed_tpfp": 155.0, "ed_tpfn": 509, "execution-time": 12.200320720672607, "number_of_labeled_tuples": 12, "number_of_labeled_cells": 240}