{"precision": 0.9826989619377162, "recall": 0.5579567779960707, "f_score": 0.7117794486215538, "tp": 284.0, "ed_tpfp": 289.0, "ed_tpfn": 509, "execution-time": 10.157859802246094, "number_of_labeled_tuples": 17, "number_of_labeled_cells": 340}