{"precision": 0.6641566265060241, "recall": 0.4651898734177215, "f_score": 0.5471464019851117, "tp": 441.0, "ed_tpfp": 664.0, "ed_tpfn": 948, "execution-time": 6.574631690979004, "number_of_labeled_tuples": 20, "number_of_labeled_cells": 220}