{"precision": 0.9548192771084337, "recall": 0.6227897838899804, "f_score": 0.7538644470868016, "tp": 317.0, "ed_tpfp": 332.0, "ed_tpfn": 509, "execution-time": 12.539313077926636, "number_of_labeled_tuples": 16, "number_of_labeled_cells": 320}