{"precision": 0.8382352941176471, "recall": 0.8109756097560976, "f_score": 0.8243801652892562, "tp": 3990.0, "ed_tpfp": 4760.0, "ed_tpfn": 4920, "execution-time": 6.620489835739136, "number_of_labeled_tuples": 10, "number_of_labeled_cells": 70}