{"precision": 0.9746004566210046, "recall": 0.7828977533241632, "f_score": 0.8682939232138317, "tp": 3415.0, "ed_tpfp": 3504.0, "ed_tpfn": 4362, "execution-time": 9.73347282409668, "number_of_labeled_tuples": 4, "number_of_labeled_cells": 44}