{"precision": 0.9303367908823152, "recall": 0.9465798045602606, "f_score": 0.9383880134332214, "tp": 7265.0, "ed_tpfp": 7809.0, "ed_tpfn": 7675, "execution-time": 101.55038499832153, "number_of_labeled_tuples": 15, "number_of_labeled_cells": 255}