{"precision": 0.8329142857142857, "recall": 0.9495765472312704, "f_score": 0.887427701674277, "tp": 7288.0, "ed_tpfp": 8750.0, "ed_tpfn": 7675, "execution-time": 102.862135887146, "number_of_labeled_tuples": 19, "number_of_labeled_cells": 323}