{"precision": 0.9953703703703703, "recall": 0.4223968565815324, "f_score": 0.593103448275862, "tp": 215.0, "ed_tpfp": 216.0, "ed_tpfn": 509, "execution-time": 10.207063436508179, "number_of_labeled_tuples": 18, "number_of_labeled_cells": 360}