{"precision": 0.9432835820895522, "recall": 0.6422764227642277, "f_score": 0.7642079806529626, "tp": 3160.0, "ed_tpfp": 3350.0, "ed_tpfn": 4920, "execution-time": 5.445558786392212, "number_of_labeled_tuples": 3, "number_of_labeled_cells": 21}