{"precision": 0.7142341909112767, "recall": 0.774071661237785, "f_score": 0.7429500406427811, "tp": 5941.0, "ed_tpfp": 8318.0, "ed_tpfn": 7675, "execution-time": 98.21519255638123, "number_of_labeled_tuples": 10, "number_of_labeled_cells": 170}