{"precision": 0.7633058246621217, "recall": 0.8315309446254072, "f_score": 0.7959590920429035, "tp": 6382.0, "ed_tpfp": 8361.0, "ed_tpfn": 7675, "execution-time": 100.85498476028442, "number_of_labeled_tuples": 5, "number_of_labeled_cells": 85}