{"precision": 0.8192893401015229, "recall": 0.8512658227848101, "f_score": 0.8349715468184169, "tp": 807.0, "ed_tpfp": 985.0, "ed_tpfn": 948, "execution-time": 5.618078231811523, "number_of_labeled_tuples": 20, "number_of_labeled_cells": 220}