{"precision": 0.8836648583484027, "recall": 0.9550488599348534, "f_score": 0.9179711959924859, "tp": 7330.0, "ed_tpfp": 8295.0, "ed_tpfn": 7675, "execution-time": 117.06320691108704, "number_of_labeled_tuples": 15, "number_of_labeled_cells": 255}