{"precision": 0.6920101877181398, "recall": 0.9558306188925081, "f_score": 0.8028014882906543, "tp": 7336.0, "ed_tpfp": 10601.0, "ed_tpfn": 7675, "execution-time": 107.43214344978333, "number_of_labeled_tuples": 8, "number_of_labeled_cells": 136}