{"precision": 0.6971076339497392, "recall": 0.9577850162866449, "f_score": 0.8069154774972558, "tp": 7351.0, "ed_tpfp": 10545.0, "ed_tpfn": 7675, "execution-time": 93.70230674743652, "number_of_labeled_tuples": 7, "number_of_labeled_cells": 119}