{"precision": 0.7510652612693429, "recall": 0.8727035830618892, "f_score": 0.8073283914903876, "tp": 6698.0, "ed_tpfp": 8918.0, "ed_tpfn": 7675, "execution-time": 117.05348205566406, "number_of_labeled_tuples": 18, "number_of_labeled_cells": 306}