{"precision": 0.663575042158516, "recall": 0.830168776371308, "f_score": 0.7375820056232427, "tp": 787.0, "ed_tpfp": 1186.0, "ed_tpfn": 948, "execution-time": 6.084684371948242, "number_of_labeled_tuples": 12, "number_of_labeled_cells": 132}