{"precision": 0.7806350039359748, "recall": 0.7752442996742671, "f_score": 0.7779303131332942, "tp": 5950.0, "ed_tpfp": 7622.0, "ed_tpfn": 7675, "execution-time": 131.51694345474243, "number_of_labeled_tuples": 14, "number_of_labeled_cells": 238}