{"precision": 0.9397013243167089, "recall": 0.8690553745928339, "f_score": 0.9029987138698977, "tp": 6670.0, "ed_tpfp": 7098.0, "ed_tpfn": 7675, "execution-time": 117.38352036476135, "number_of_labeled_tuples": 19, "number_of_labeled_cells": 323}