{"precision": 0.8663473053892216, "recall": 0.9425407166123778, "f_score": 0.9028393135725429, "tp": 7234.0, "ed_tpfp": 8350.0, "ed_tpfn": 7675, "execution-time": 113.8537666797638, "number_of_labeled_tuples": 17, "number_of_labeled_cells": 289}