{"precision": 0.8146453089244852, "recall": 0.7510548523206751, "f_score": 0.7815587266739846, "tp": 712.0, "ed_tpfp": 874.0, "ed_tpfn": 948, "execution-time": 4.116840124130249, "number_of_labeled_tuples": 3, "number_of_labeled_cells": 33}