{"precision": 0.9741379310344828, "recall": 0.2220039292730845, "f_score": 0.3616, "tp": 113.0, "ed_tpfp": 116.0, "ed_tpfn": 509, "execution-time": 11.769458770751953, "number_of_labeled_tuples": 10, "number_of_labeled_cells": 200}