{"precision": 0.9992250464972101, "recall": 0.84, "f_score": 0.9127203227861542, "tp": 6447.0, "ed_tpfp": 6452.0, "ed_tpfn": 7675, "execution-time": 117.28650045394897, "number_of_labeled_tuples": 11, "number_of_labeled_cells": 187}