{"precision": 0.8121212121212121, "recall": 0.5654008438818565, "f_score": 0.6666666666666666, "tp": 536.0, "ed_tpfp": 660.0, "ed_tpfn": 948, "execution-time": 6.607891798019409, "number_of_labeled_tuples": 20, "number_of_labeled_cells": 220}