{"precision": 0.512280701754386, "recall": 0.2868369351669941, "f_score": 0.36775818639798485, "tp": 146.0, "ed_tpfp": 285.0, "ed_tpfn": 509, "execution-time": 11.533318281173706, "number_of_labeled_tuples": 10, "number_of_labeled_cells": 200}