{"precision": 1.0, "recall": 0.04518664047151277, "f_score": 0.08646616541353383, "tp": 23.0, "ed_tpfp": 23.0, "ed_tpfn": 509, "execution-time": 11.276716232299805, "number_of_labeled_tuples": 2, "number_of_labeled_cells": 40}