{"precision": 0.7262479871175523, "recall": 0.4757383966244726, "f_score": 0.5748884639898024, "tp": 451.0, "ed_tpfp": 621.0, "ed_tpfn": 948, "execution-time": 4.326519012451172, "number_of_labeled_tuples": 6, "number_of_labeled_cells": 66}