{"precision": 0.9922415009169135, "recall": 0.9164820846905537, "f_score": 0.9528583039826606, "tp": 7034.0, "ed_tpfp": 7089.0, "ed_tpfn": 7675, "execution-time": 117.39223289489746, "number_of_labeled_tuples": 11, "number_of_labeled_cells": 187}