{"precision": 0.8039450089659295, "recall": 0.8201219512195121, "f_score": 0.8119529127678841, "tp": 4035.0, "ed_tpfp": 5019.0, "ed_tpfn": 4920, "execution-time": 7.972979545593262, "number_of_labeled_tuples": 19, "number_of_labeled_cells": 133}