{"precision": 0.7516503528340541, "recall": 0.8604560260586319, "f_score": 0.8023813863070287, "tp": 6604.0, "ed_tpfp": 8786.0, "ed_tpfn": 7675, "execution-time": 109.24898600578308, "number_of_labeled_tuples": 8, "number_of_labeled_cells": 136}