{"precision": 0.7621975406584689, "recall": 0.7810975609756098, "f_score": 0.7715318209194941, "tp": 3843.0, "ed_tpfp": 5042.0, "ed_tpfn": 4920, "execution-time": 6.750584125518799, "number_of_labeled_tuples": 12, "number_of_labeled_cells": 84}