{"precision": 0.68994708994709, "recall": 0.6877637130801688, "f_score": 0.6888536714210248, "tp": 652.0, "ed_tpfp": 945.0, "ed_tpfn": 948, "execution-time": 4.22232985496521, "number_of_labeled_tuples": 3, "number_of_labeled_cells": 33}