{"precision": 0.998165137614679, "recall": 0.8729940394314535, "f_score": 0.9313929313929313, "tp": 3808.0, "ed_tpfp": 3815.0, "ed_tpfn": 4362, "execution-time": 11.888072490692139, "number_of_labeled_tuples": 14, "number_of_labeled_cells": 154}