{"precision": 0.6749769159741459, "recall": 0.7710970464135021, "f_score": 0.7198424421467258, "tp": 731.0, "ed_tpfp": 1083.0, "ed_tpfn": 948, "execution-time": 4.586098670959473, "number_of_labeled_tuples": 8, "number_of_labeled_cells": 88}