{"precision": 0.8409090909090909, "recall": 0.8949186991869919, "f_score": 0.867073651043718, "tp": 4403.0, "ed_tpfp": 5236.0, "ed_tpfn": 4920, "execution-time": 6.176955699920654, "number_of_labeled_tuples": 5, "number_of_labeled_cells": 35}