{"precision": 0.7802726543704892, "recall": 0.7910569105691057, "f_score": 0.7856277755349212, "tp": 3892.0, "ed_tpfp": 4988.0, "ed_tpfn": 4920, "execution-time": 6.152610540390015, "number_of_labeled_tuples": 7, "number_of_labeled_cells": 49}