{"precision": 0.8888888888888888, "recall": 0.7479674796747967, "f_score": 0.8123620309050771, "tp": 3680.0, "ed_tpfp": 4140.0, "ed_tpfn": 4920, "execution-time": 5.422525644302368, "number_of_labeled_tuples": 2, "number_of_labeled_cells": 14}