{"precision": 0.8474537565654259, "recall": 0.7542682926829268, "f_score": 0.7981503387461018, "tp": 3711.0, "ed_tpfp": 4379.0, "ed_tpfn": 4920, "execution-time": 5.91345739364624, "number_of_labeled_tuples": 6, "number_of_labeled_cells": 42}