{"precision": 0.5979462102689487, "recall": 0.7966123778501628, "f_score": 0.6831284916201117, "tp": 6114.0, "ed_tpfp": 10225.0, "ed_tpfn": 7675, "execution-time": 107.21877098083496, "number_of_labeled_tuples": 5, "number_of_labeled_cells": 85}