{"precision": 0.9794238683127572, "recall": 0.4675834970530452, "f_score": 0.6329787234042553, "tp": 238.0, "ed_tpfp": 243.0, "ed_tpfn": 509, "execution-time": 13.408259868621826, "number_of_labeled_tuples": 19, "number_of_labeled_cells": 380}