{"precision": 0.7479140777560802, "recall": 0.8563008130081301, "f_score": 0.7984459395432578, "tp": 4213.0, "ed_tpfp": 5633.0, "ed_tpfn": 4920, "execution-time": 5.567758321762085, "number_of_labeled_tuples": 4, "number_of_labeled_cells": 28}