{"precision": 0.9607539375161374, "recall": 0.8530490600641908, "f_score": 0.9037037037037038, "tp": 3721.0, "ed_tpfp": 3873.0, "ed_tpfn": 4362, "execution-time": 10.657861471176147, "number_of_labeled_tuples": 8, "number_of_labeled_cells": 88}