{"precision": 0.5380508407044386, "recall": 0.8797394136807818, "f_score": 0.6677215189873418, "tp": 6752.0, "ed_tpfp": 12549.0, "ed_tpfn": 7675, "execution-time": 112.13200283050537, "number_of_labeled_tuples": 10, "number_of_labeled_cells": 170}