{"precision": 0.6240842018367557, "recall": 0.788013029315961, "f_score": 0.6965334561787401, "tp": 6048.0, "ed_tpfp": 9691.0, "ed_tpfn": 7675, "execution-time": 88.36353802680969, "number_of_labeled_tuples": 2, "number_of_labeled_cells": 34}