{"precision": 0.9712918660287081, "recall": 0.3988212180746562, "f_score": 0.5654596100278553, "tp": 203.0, "ed_tpfp": 209.0, "ed_tpfn": 509, "execution-time": 10.106855392456055, "number_of_labeled_tuples": 17, "number_of_labeled_cells": 340}