{"precision": 0.8127208480565371, "recall": 0.7278481012658228, "f_score": 0.7679465776293823, "tp": 690.0, "ed_tpfp": 849.0, "ed_tpfn": 948, "execution-time": 4.638189077377319, "number_of_labeled_tuples": 6, "number_of_labeled_cells": 66}