{"precision": 0.9784172661870504, "recall": 0.9977074736359468, "f_score": 0.9879682179341658, "tp": 4352.0, "ed_tpfp": 4448.0, "ed_tpfn": 4362, "execution-time": 10.923564434051514, "number_of_labeled_tuples": 9, "number_of_labeled_cells": 99}