{"precision": 0.9945945945945946, "recall": 0.3614931237721022, "f_score": 0.5302593659942363, "tp": 184.0, "ed_tpfp": 185.0, "ed_tpfn": 509, "execution-time": 12.543361902236938, "number_of_labeled_tuples": 11, "number_of_labeled_cells": 220}