{"precision": 0.8380043728880938, "recall": 0.8569105691056911, "f_score": 0.8473520249221184, "tp": 4216.0, "ed_tpfp": 5031.0, "ed_tpfn": 4920, "execution-time": 8.058873414993286, "number_of_labeled_tuples": 19, "number_of_labeled_cells": 133}