{"precision": 0.973404255319149, "recall": 0.35952848722986247, "f_score": 0.5251076040172167, "tp": 183.0, "ed_tpfp": 188.0, "ed_tpfn": 509, "execution-time": 9.820247888565063, "number_of_labeled_tuples": 15, "number_of_labeled_cells": 300}