{"precision": 0.6550825369244135, "recall": 0.7953586497890295, "f_score": 0.7184373511195807, "tp": 754.0, "ed_tpfp": 1151.0, "ed_tpfn": 948, "execution-time": 6.041071176528931, "number_of_labeled_tuples": 15, "number_of_labeled_cells": 165}