{"precision": 0.9954545454545455, "recall": 0.4302554027504912, "f_score": 0.6008230452674898, "tp": 219.0, "ed_tpfp": 220.0, "ed_tpfn": 509, "execution-time": 12.453656673431396, "number_of_labeled_tuples": 10, "number_of_labeled_cells": 200}