{"precision": 0.8802721088435375, "recall": 0.6824894514767933, "f_score": 0.7688651218062984, "tp": 647.0, "ed_tpfp": 735.0, "ed_tpfn": 948, "execution-time": 6.086336612701416, "number_of_labeled_tuples": 14, "number_of_labeled_cells": 154}