{"precision": 0.05827067669172932, "recall": 0.12180746561886051, "f_score": 0.07883026064844247, "tp": 62.0, "ed_tpfp": 1064.0, "ed_tpfn": 509, "execution-time": 10.119090795516968, "number_of_labeled_tuples": 2, "number_of_labeled_cells": 40}