{"precision": 0.9756756756756757, "recall": 0.8466449511400651, "f_score": 0.9065922567143355, "tp": 6498.0, "ed_tpfp": 6660.0, "ed_tpfn": 7675, "execution-time": 123.12500500679016, "number_of_labeled_tuples": 10, "number_of_labeled_cells": 170}