{"precision": 0.9456521739130435, "recall": 0.17092337917485265, "f_score": 0.2895174708818635, "tp": 87.0, "ed_tpfp": 92.0, "ed_tpfn": 509, "execution-time": 9.253341674804688, "number_of_labeled_tuples": 11, "number_of_labeled_cells": 220}