{"precision": 0.939799331103679, "recall": 0.5520628683693517, "f_score": 0.6955445544554455, "tp": 281.0, "ed_tpfp": 299.0, "ed_tpfn": 509, "execution-time": 9.901854991912842, "number_of_labeled_tuples": 14, "number_of_labeled_cells": 280}