{"precision": 0.4716610549943883, "recall": 0.6833333333333333, "f_score": 0.5581009296148739, "tp": 3362.0, "ed_tpfp": 7128.0, "ed_tpfn": 4920, "execution-time": 4.837494134902954, "number_of_labeled_tuples": 1, "number_of_labeled_cells": 7}