{"precision": 0.8144458281444583, "recall": 0.689873417721519, "f_score": 0.747001713306682, "tp": 654.0, "ed_tpfp": 803.0, "ed_tpfn": 948, "execution-time": 5.336522340774536, "number_of_labeled_tuples": 10, "number_of_labeled_cells": 110}