{"precision": 0.062196307094266275, "recall": 0.12573673870333987, "f_score": 0.08322496749024708, "tp": 64.0, "ed_tpfp": 1029.0, "ed_tpfn": 509, "execution-time": 10.28022575378418, "number_of_labeled_tuples": 2, "number_of_labeled_cells": 40}