{"precision": 0.8253012048192772, "recall": 0.2691552062868369, "f_score": 0.4059259259259259, "tp": 137.0, "ed_tpfp": 166.0, "ed_tpfn": 509, "execution-time": 8.995594024658203, "number_of_labeled_tuples": 6, "number_of_labeled_cells": 120}