{"precision": 0.9951923076923077, "recall": 0.4066797642436149, "f_score": 0.5774058577405857, "tp": 207.0, "ed_tpfp": 208.0, "ed_tpfn": 509, "execution-time": 11.928145170211792, "number_of_labeled_tuples": 15, "number_of_labeled_cells": 300}