{"precision": 0.9691358024691358, "recall": 0.30844793713163066, "f_score": 0.4679582712369598, "tp": 157.0, "ed_tpfp": 162.0, "ed_tpfn": 509, "execution-time": 11.609445333480835, "number_of_labeled_tuples": 11, "number_of_labeled_cells": 220}