{"precision": 0.7889550400328474, "recall": 0.7810975609756098, "f_score": 0.7850066387498723, "tp": 3843.0, "ed_tpfp": 4871.0, "ed_tpfn": 4920, "execution-time": 6.32670783996582, "number_of_labeled_tuples": 9, "number_of_labeled_cells": 63}