{"precision": 0.8761160714285714, "recall": 0.8280590717299579, "f_score": 0.851409978308026, "tp": 785.0, "ed_tpfp": 896.0, "ed_tpfn": 948, "execution-time": 5.408249139785767, "number_of_labeled_tuples": 20, "number_of_labeled_cells": 220}