{"precision": 0.8379899497487437, "recall": 0.8473577235772358, "f_score": 0.8426478019201618, "tp": 4169.0, "ed_tpfp": 4975.0, "ed_tpfn": 4920, "execution-time": 7.1184844970703125, "number_of_labeled_tuples": 13, "number_of_labeled_cells": 91}