{"precision": 0.9395348837209302, "recall": 0.793713163064833, "f_score": 0.8604898828541001, "tp": 404.0, "ed_tpfp": 430.0, "ed_tpfn": 509, "execution-time": 10.573350429534912, "number_of_labeled_tuples": 19, "number_of_labeled_cells": 380}