{"precision": 0.8757062146892656, "recall": 0.3045186640471513, "f_score": 0.45189504373177847, "tp": 155.0, "ed_tpfp": 177.0, "ed_tpfn": 509, "execution-time": 9.592146635055542, "number_of_labeled_tuples": 15, "number_of_labeled_cells": 300}