{"precision": 0.5560701290109163, "recall": 0.8760912052117263, "f_score": 0.6803257955177823, "tp": 6724.0, "ed_tpfp": 12092.0, "ed_tpfn": 7675, "execution-time": 98.01002836227417, "number_of_labeled_tuples": 12, "number_of_labeled_cells": 204}