{"precision": 0.8586283185840708, "recall": 0.7888211382113821, "f_score": 0.8222457627118644, "tp": 3881.0, "ed_tpfp": 4520.0, "ed_tpfn": 4920, "execution-time": 7.481544017791748, "number_of_labeled_tuples": 16, "number_of_labeled_cells": 112}