{"precision": 0.619455252918288, "recall": 0.8396624472573839, "f_score": 0.7129422301836095, "tp": 796.0, "ed_tpfp": 1285.0, "ed_tpfn": 948, "execution-time": 5.2997705936431885, "number_of_labeled_tuples": 4, "number_of_labeled_cells": 44}