{"precision": 0.9705882352941176, "recall": 0.06483300589390963, "f_score": 0.12154696132596686, "tp": 33.0, "ed_tpfp": 34.0, "ed_tpfn": 509, "execution-time": 10.615648746490479, "number_of_labeled_tuples": 4, "number_of_labeled_cells": 80}