{"precision": 0.8249183622205476, "recall": 0.8557654723127036, "f_score": 0.8400588348148622, "tp": 6568.0, "ed_tpfp": 7962.0, "ed_tpfn": 7675, "execution-time": 97.98818516731262, "number_of_labeled_tuples": 10, "number_of_labeled_cells": 170}