{"precision": 0.9313868613138686, "recall": 0.6729957805907173, "f_score": 0.7813839559093693, "tp": 638.0, "ed_tpfp": 685.0, "ed_tpfn": 948, "execution-time": 6.846374034881592, "number_of_labeled_tuples": 20, "number_of_labeled_cells": 220}