{"precision": 0.7997352268624384, "recall": 0.8657980456026059, "f_score": 0.8314564564564565, "tp": 6645.0, "ed_tpfp": 8309.0, "ed_tpfn": 7675, "execution-time": 111.52390241622925, "number_of_labeled_tuples": 5, "number_of_labeled_cells": 85}