{"precision": 0.8691743553347527, "recall": 0.7467479674796748, "f_score": 0.8033234940417623, "tp": 3674.0, "ed_tpfp": 4227.0, "ed_tpfn": 4920, "execution-time": 7.221044301986694, "number_of_labeled_tuples": 14, "number_of_labeled_cells": 98}