{"precision": 0.9302325581395349, "recall": 0.6286836935166994, "f_score": 0.7502930832356388, "tp": 320.0, "ed_tpfp": 344.0, "ed_tpfn": 509, "execution-time": 10.622400999069214, "number_of_labeled_tuples": 20, "number_of_labeled_cells": 400}