{"precision": 0.9783540022547914, "recall": 0.9947271893626777, "f_score": 0.9864726611344776, "tp": 4339.0, "ed_tpfp": 4435.0, "ed_tpfn": 4362, "execution-time": 11.630495309829712, "number_of_labeled_tuples": 12, "number_of_labeled_cells": 132}