{"precision": 0.7956480605487228, "recall": 0.8871308016877637, "f_score": 0.8389027431421446, "tp": 841.0, "ed_tpfp": 1057.0, "ed_tpfn": 948, "execution-time": 5.478505611419678, "number_of_labeled_tuples": 17, "number_of_labeled_cells": 187}