{"precision": 0.7572024637393204, "recall": 0.7745934959349593, "f_score": 0.7657992565055761, "tp": 3811.0, "ed_tpfp": 5033.0, "ed_tpfn": 4920, "execution-time": 6.089476585388184, "number_of_labeled_tuples": 7, "number_of_labeled_cells": 49}