{"precision": 0.9908675799086758, "recall": 0.4263261296660118, "f_score": 0.5961538461538461, "tp": 217.0, "ed_tpfp": 219.0, "ed_tpfn": 509, "execution-time": 9.451779127120972, "number_of_labeled_tuples": 11, "number_of_labeled_cells": 220}