{"precision": 0.7829770068576039, "recall": 0.7890243902439025, "f_score": 0.7859890666126746, "tp": 3882.0, "ed_tpfp": 4958.0, "ed_tpfn": 4920, "execution-time": 7.869619607925415, "number_of_labeled_tuples": 18, "number_of_labeled_cells": 126}