{"precision": 0.8983050847457628, "recall": 0.2082514734774067, "f_score": 0.3381180223285487, "tp": 106.0, "ed_tpfp": 118.0, "ed_tpfn": 509, "execution-time": 12.038532257080078, "number_of_labeled_tuples": 10, "number_of_labeled_cells": 200}