{"precision": 0.8239100817438693, "recall": 0.9455374592833876, "f_score": 0.8805435903658316, "tp": 7257.0, "ed_tpfp": 8808.0, "ed_tpfn": 7675, "execution-time": 101.20842480659485, "number_of_labeled_tuples": 16, "number_of_labeled_cells": 272}