{"precision": 0.792332268370607, "recall": 0.7848101265822784, "f_score": 0.7885532591414944, "tp": 744.0, "ed_tpfp": 939.0, "ed_tpfn": 948, "execution-time": 5.2512640953063965, "number_of_labeled_tuples": 19, "number_of_labeled_cells": 209}