{"precision": 0.75787728026534, "recall": 0.9527035830618893, "f_score": 0.8441955781331179, "tp": 7312.0, "ed_tpfp": 9648.0, "ed_tpfn": 7675, "execution-time": 107.93179154396057, "number_of_labeled_tuples": 14, "number_of_labeled_cells": 238}