{"precision": 0.9787943769359067, "recall": 0.9417698303530491, "f_score": 0.9599252249094521, "tp": 4108.0, "ed_tpfp": 4197.0, "ed_tpfn": 4362, "execution-time": 9.6668119430542, "number_of_labeled_tuples": 4, "number_of_labeled_cells": 44}