{"precision": 0.8448757535656521, "recall": 0.7486644951140066, "f_score": 0.7938657087593259, "tp": 5746.0, "ed_tpfp": 6801.0, "ed_tpfn": 7675, "execution-time": 104.8760735988617, "number_of_labeled_tuples": 5, "number_of_labeled_cells": 85}