{"precision": 0.9833333333333333, "recall": 0.11591355599214145, "f_score": 0.20738137082601052, "tp": 59.0, "ed_tpfp": 60.0, "ed_tpfn": 509, "execution-time": 11.420619487762451, "number_of_labeled_tuples": 3, "number_of_labeled_cells": 60}