{"precision": 0.8522248243559719, "recall": 0.7396341463414634, "f_score": 0.7919477693144722, "tp": 3639.0, "ed_tpfp": 4270.0, "ed_tpfn": 4920, "execution-time": 7.092702388763428, "number_of_labeled_tuples": 13, "number_of_labeled_cells": 91}