{"precision": 0.9787985865724381, "recall": 0.5442043222003929, "f_score": 0.6994949494949495, "tp": 277.0, "ed_tpfp": 283.0, "ed_tpfn": 509, "execution-time": 10.247901678085327, "number_of_labeled_tuples": 17, "number_of_labeled_cells": 340}