{"precision": 0.9704433497536946, "recall": 0.38703339882121807, "f_score": 0.5533707865168539, "tp": 197.0, "ed_tpfp": 203.0, "ed_tpfn": 509, "execution-time": 9.25056505203247, "number_of_labeled_tuples": 11, "number_of_labeled_cells": 220}