{"precision": 0.5767902983092856, "recall": 0.8489902280130294, "f_score": 0.6869070208728653, "tp": 6516.0, "ed_tpfp": 11297.0, "ed_tpfn": 7675, "execution-time": 110.12448716163635, "number_of_labeled_tuples": 4, "number_of_labeled_cells": 68}