{"precision": 1.0, "recall": 0.011787819253438114, "f_score": 0.023300970873786405, "tp": 6.0, "ed_tpfp": 6.0, "ed_tpfn": 509, "execution-time": 11.363423824310303, "number_of_labeled_tuples": 4, "number_of_labeled_cells": 80}