{"precision": 0.8070273284997211, "recall": 0.8823170731707317, "f_score": 0.8429944654820857, "tp": 4341.0, "ed_tpfp": 5379.0, "ed_tpfn": 4920, "execution-time": 7.898563861846924, "number_of_labeled_tuples": 19, "number_of_labeled_cells": 133}