{"precision": 0.8968314321926489, "recall": 0.7191056910569106, "f_score": 0.7981951494641849, "tp": 3538.0, "ed_tpfp": 3945.0, "ed_tpfn": 4920, "execution-time": 7.1819329261779785, "number_of_labeled_tuples": 14, "number_of_labeled_cells": 98}