{"precision": 0.6531147540983606, "recall": 0.8097560975609757, "f_score": 0.7230490018148821, "tp": 3984.0, "ed_tpfp": 6100.0, "ed_tpfn": 4920, "execution-time": 5.071928262710571, "number_of_labeled_tuples": 3, "number_of_labeled_cells": 21}