{"precision": 0.8971088435374149, "recall": 0.9674461256304447, "f_score": 0.9309508052062652, "tp": 4220.0, "ed_tpfp": 4704.0, "ed_tpfn": 4362, "execution-time": 11.555609226226807, "number_of_labeled_tuples": 11, "number_of_labeled_cells": 121}