{"precision": 0.7861612072138388, "recall": 0.8682926829268293, "f_score": 0.8251883330113966, "tp": 4272.0, "ed_tpfp": 5434.0, "ed_tpfn": 4920, "execution-time": 5.725956439971924, "number_of_labeled_tuples": 5, "number_of_labeled_cells": 35}