{"precision": 0.5688622754491018, "recall": 0.18664047151277013, "f_score": 0.28106508875739644, "tp": 95.0, "ed_tpfp": 167.0, "ed_tpfn": 509, "execution-time": 8.980048418045044, "number_of_labeled_tuples": 10, "number_of_labeled_cells": 200}