{"precision": 0.9684433837178468, "recall": 0.9516612377850163, "f_score": 0.9599789708878228, "tp": 7304.0, "ed_tpfp": 7542.0, "ed_tpfn": 7675, "execution-time": 118.46349000930786, "number_of_labeled_tuples": 19, "number_of_labeled_cells": 323}