{"precision": 0.976878612716763, "recall": 0.9298486932599724, "f_score": 0.9527836504580689, "tp": 4056.0, "ed_tpfp": 4152.0, "ed_tpfn": 4362, "execution-time": 10.673467874526978, "number_of_labeled_tuples": 7, "number_of_labeled_cells": 77}