{"precision": 0.08062709966405375, "recall": 0.14145383104125736, "f_score": 0.10271041369472184, "tp": 72.0, "ed_tpfp": 893.0, "ed_tpfn": 509, "execution-time": 8.522902965545654, "number_of_labeled_tuples": 5, "number_of_labeled_cells": 100}