{"precision": 0.723140905040103, "recall": 0.9515309446254072, "f_score": 0.821762124451446, "tp": 7303.0, "ed_tpfp": 10099.0, "ed_tpfn": 7675, "execution-time": 102.93369150161743, "number_of_labeled_tuples": 14, "number_of_labeled_cells": 238}