{"precision": 0.9444444444444444, "recall": 0.06679764243614932, "f_score": 0.12477064220183486, "tp": 34.0, "ed_tpfp": 36.0, "ed_tpfn": 509, "execution-time": 8.869318962097168, "number_of_labeled_tuples": 9, "number_of_labeled_cells": 180}