{"precision": 0.08210526315789474, "recall": 0.07662082514734773, "f_score": 0.07926829268292683, "tp": 39.0, "ed_tpfp": 475.0, "ed_tpfn": 509, "execution-time": 8.267803192138672, "number_of_labeled_tuples": 2, "number_of_labeled_cells": 40}