{"precision": 0.8410194174757282, "recall": 0.7310126582278481, "f_score": 0.7821670428893905, "tp": 693.0, "ed_tpfp": 824.0, "ed_tpfn": 948, "execution-time": 4.2702107429504395, "number_of_labeled_tuples": 6, "number_of_labeled_cells": 66}