{"precision": 0.99581589958159, "recall": 0.4675834970530452, "f_score": 0.6363636363636364, "tp": 238.0, "ed_tpfp": 239.0, "ed_tpfn": 509, "execution-time": 12.985489845275879, "number_of_labeled_tuples": 19, "number_of_labeled_cells": 380}