{"precision": 0.9129822585187272, "recall": 0.6589430894308943, "f_score": 0.7654350135757291, "tp": 3242.0, "ed_tpfp": 3551.0, "ed_tpfn": 4920, "execution-time": 5.694304943084717, "number_of_labeled_tuples": 5, "number_of_labeled_cells": 35}