{"precision": 1.0, "recall": 0.5206286836935167, "f_score": 0.6847545219638242, "tp": 265.0, "ed_tpfp": 265.0, "ed_tpfn": 509, "execution-time": 12.747628927230835, "number_of_labeled_tuples": 18, "number_of_labeled_cells": 360}