{"precision": 0.8723404255319149, "recall": 0.16110019646365423, "f_score": 0.27197346600331673, "tp": 82.0, "ed_tpfp": 94.0, "ed_tpfn": 509, "execution-time": 11.14596939086914, "number_of_labeled_tuples": 12, "number_of_labeled_cells": 240}