{"precision": 0.809901414487784, "recall": 0.7680894308943089, "f_score": 0.7884414771541831, "tp": 3779.0, "ed_tpfp": 4666.0, "ed_tpfn": 4920, "execution-time": 6.726624488830566, "number_of_labeled_tuples": 10, "number_of_labeled_cells": 70}