{"precision": 0.9748427672955975, "recall": 0.8528198074277854, "f_score": 0.9097578870139399, "tp": 3720.0, "ed_tpfp": 3816.0, "ed_tpfn": 4362, "execution-time": 10.343417406082153, "number_of_labeled_tuples": 6, "number_of_labeled_cells": 66}