{"precision": 0.96875, "recall": 0.060903732809430254, "f_score": 0.11460258780036969, "tp": 31.0, "ed_tpfp": 32.0, "ed_tpfn": 509, "execution-time": 11.430500745773315, "number_of_labeled_tuples": 3, "number_of_labeled_cells": 60}