{"precision": 0.5604395604395604, "recall": 0.10019646365422397, "f_score": 0.16999999999999998, "tp": 51.0, "ed_tpfp": 91.0, "ed_tpfn": 509, "execution-time": 8.095134973526001, "number_of_labeled_tuples": 3, "number_of_labeled_cells": 60}