{"precision": 0.5681881051175657, "recall": 0.9417698303530491, "f_score": 0.7087646652864044, "tp": 4108.0, "ed_tpfp": 7230.0, "ed_tpfn": 4362, "execution-time": 9.090206146240234, "number_of_labeled_tuples": 1, "number_of_labeled_cells": 11}