{"precision": 0.9664804469273743, "recall": 0.33988212180746563, "f_score": 0.502906976744186, "tp": 173.0, "ed_tpfp": 179.0, "ed_tpfn": 509, "execution-time": 9.081463098526001, "number_of_labeled_tuples": 8, "number_of_labeled_cells": 160}