{"precision": 0.7899305555555556, "recall": 0.479957805907173, "f_score": 0.5971128608923885, "tp": 455.0, "ed_tpfp": 576.0, "ed_tpfn": 948, "execution-time": 6.395387649536133, "number_of_labeled_tuples": 15, "number_of_labeled_cells": 165}