{"precision": 0.8857081360309944, "recall": 0.8363821138211383, "f_score": 0.860338699560945, "tp": 4115.0, "ed_tpfp": 4646.0, "ed_tpfn": 4920, "execution-time": 8.165254354476929, "number_of_labeled_tuples": 19, "number_of_labeled_cells": 133}