{"precision": 0.872273442770407, "recall": 0.7884146341463415, "f_score": 0.8282267534963169, "tp": 3879.0, "ed_tpfp": 4447.0, "ed_tpfn": 4920, "execution-time": 7.080585718154907, "number_of_labeled_tuples": 13, "number_of_labeled_cells": 91}