{"precision": 0.9369287020109689, "recall": 0.625, "f_score": 0.7498171177761521, "tp": 3075.0, "ed_tpfp": 3282.0, "ed_tpfn": 4920, "execution-time": 6.94568657875061, "number_of_labeled_tuples": 11, "number_of_labeled_cells": 77}