{"precision": 0.7932900432900433, "recall": 0.7732067510548524, "f_score": 0.7831196581196582, "tp": 733.0, "ed_tpfp": 924.0, "ed_tpfn": 948, "execution-time": 5.559252500534058, "number_of_labeled_tuples": 7, "number_of_labeled_cells": 77}