{"precision": 0.8494167550371156, "recall": 0.8449367088607594, "f_score": 0.8471708090957165, "tp": 801.0, "ed_tpfp": 943.0, "ed_tpfn": 948, "execution-time": 5.1718456745147705, "number_of_labeled_tuples": 18, "number_of_labeled_cells": 198}