{"precision": 0.8235430694218714, "recall": 0.7209349593495935, "f_score": 0.7688306058307142, "tp": 3547.0, "ed_tpfp": 4307.0, "ed_tpfn": 4920, "execution-time": 7.607243061065674, "number_of_labeled_tuples": 15, "number_of_labeled_cells": 105}