{"precision": 0.7856440511307768, "recall": 0.8428270042194093, "f_score": 0.81323155216285, "tp": 799.0, "ed_tpfp": 1017.0, "ed_tpfn": 948, "execution-time": 4.839046955108643, "number_of_labeled_tuples": 7, "number_of_labeled_cells": 77}