{"precision": 0.9939759036144579, "recall": 0.3241650294695481, "f_score": 0.48888888888888893, "tp": 165.0, "ed_tpfp": 166.0, "ed_tpfn": 509, "execution-time": 8.846275329589844, "number_of_labeled_tuples": 7, "number_of_labeled_cells": 140}