{"precision": 0.5901060070671378, "recall": 0.3280943025540275, "f_score": 0.4217171717171717, "tp": 167.0, "ed_tpfp": 283.0, "ed_tpfn": 509, "execution-time": 12.286804914474487, "number_of_labeled_tuples": 12, "number_of_labeled_cells": 240}