{"precision": 0.9676506267691064, "recall": 0.9353745928338763, "f_score": 0.9512389028753148, "tp": 7179.0, "ed_tpfp": 7419.0, "ed_tpfn": 7675, "execution-time": 100.25790667533875, "number_of_labeled_tuples": 12, "number_of_labeled_cells": 204}