{"precision": 0.7121432027092405, "recall": 0.8975609756097561, "f_score": 0.7941731858645804, "tp": 4416.0, "ed_tpfp": 6201.0, "ed_tpfn": 4920, "execution-time": 62.460071086883545, "number_of_labeled_tuples": 4, "number_of_labeled_cells": 28}