{"precision": 0.8212330397524399, "recall": 0.7012195121951219, "f_score": 0.7564959982458063, "tp": 3450.0, "ed_tpfp": 4201.0, "ed_tpfn": 4920, "execution-time": 6.373175382614136, "number_of_labeled_tuples": 8, "number_of_labeled_cells": 56}