{"precision": 0.9152542372881356, "recall": 0.10609037328094302, "f_score": 0.19014084507042253, "tp": 54.0, "ed_tpfp": 59.0, "ed_tpfn": 509, "execution-time": 11.314017295837402, "number_of_labeled_tuples": 5, "number_of_labeled_cells": 100}