{"precision": 0.7820372398685652, "recall": 0.7531645569620253, "f_score": 0.7673293927995701, "tp": 714.0, "ed_tpfp": 913.0, "ed_tpfn": 948, "execution-time": 5.996371507644653, "number_of_labeled_tuples": 9, "number_of_labeled_cells": 99}