{"precision": 0.722, "recall": 0.7616033755274262, "f_score": 0.7412731006160166, "tp": 722.0, "ed_tpfp": 1000.0, "ed_tpfn": 948, "execution-time": 3.950646162033081, "number_of_labeled_tuples": 2, "number_of_labeled_cells": 22}