{"precision": 1.0, "recall": 0.2318271119842829, "f_score": 0.3763955342902711, "tp": 118.0, "ed_tpfp": 118.0, "ed_tpfn": 509, "execution-time": 9.057811975479126, "number_of_labeled_tuples": 9, "number_of_labeled_cells": 180}