{"precision": 0.925, "recall": 0.5088408644400786, "f_score": 0.6565272496831432, "tp": 259.0, "ed_tpfp": 280.0, "ed_tpfn": 509, "execution-time": 12.602511405944824, "number_of_labeled_tuples": 16, "number_of_labeled_cells": 320}