{"precision": 1.0, "recall": 0.06286836935166994, "f_score": 0.11829944547134935, "tp": 32.0, "ed_tpfp": 32.0, "ed_tpfn": 509, "execution-time": 11.162270069122314, "number_of_labeled_tuples": 2, "number_of_labeled_cells": 40}