{"precision": 0.8568181818181818, "recall": 0.8350488599348534, "f_score": 0.8457934675024745, "tp": 6409.0, "ed_tpfp": 7480.0, "ed_tpfn": 7675, "execution-time": 108.15777897834778, "number_of_labeled_tuples": 5, "number_of_labeled_cells": 85}