{"precision": 0.8731343283582089, "recall": 0.22986247544204322, "f_score": 0.3639191290824261, "tp": 117.0, "ed_tpfp": 134.0, "ed_tpfn": 509, "execution-time": 9.196429967880249, "number_of_labeled_tuples": 11, "number_of_labeled_cells": 220}