{"precision": 0.9983926521239954, "recall": 0.9967904630903255, "f_score": 0.9975909143053803, "tp": 4348.0, "ed_tpfp": 4355.0, "ed_tpfn": 4362, "execution-time": 10.989536046981812, "number_of_labeled_tuples": 8, "number_of_labeled_cells": 88}