{"precision": 0.8866182444909516, "recall": 0.9383713355048859, "f_score": 0.9117609824028358, "tp": 7202.0, "ed_tpfp": 8123.0, "ed_tpfn": 7675, "execution-time": 106.60130667686462, "number_of_labeled_tuples": 20, "number_of_labeled_cells": 340}