{"precision": 0.5067621320604614, "recall": 0.6719409282700421, "f_score": 0.5777777777777777, "tp": 637.0, "ed_tpfp": 1257.0, "ed_tpfn": 948, "execution-time": 4.962636947631836, "number_of_labeled_tuples": 10, "number_of_labeled_cells": 110}