{"precision": 0.3803418803418803, "recall": 0.17485265225933203, "f_score": 0.23956931359353972, "tp": 89.0, "ed_tpfp": 234.0, "ed_tpfn": 509, "execution-time": 11.759333610534668, "number_of_labeled_tuples": 2, "number_of_labeled_cells": 40}