{"precision": 0.4898336414048059, "recall": 0.7596091205211727, "f_score": 0.5955968738826174, "tp": 5830.0, "ed_tpfp": 11902.0, "ed_tpfn": 7675, "execution-time": 96.8412458896637, "number_of_labeled_tuples": 10, "number_of_labeled_cells": 170}