{"precision": 0.90625, "recall": 0.5697445972495089, "f_score": 0.6996381182147164, "tp": 290.0, "ed_tpfp": 320.0, "ed_tpfn": 509, "execution-time": 13.400724172592163, "number_of_labeled_tuples": 19, "number_of_labeled_cells": 380}