{"precision": 0.8127753303964758, "recall": 0.7784810126582279, "f_score": 0.7952586206896551, "tp": 738.0, "ed_tpfp": 908.0, "ed_tpfn": 948, "execution-time": 5.89299201965332, "number_of_labeled_tuples": 16, "number_of_labeled_cells": 176}