{"precision": 0.7791733762748255, "recall": 0.9456677524429967, "f_score": 0.8543849323131253, "tp": 7258.0, "ed_tpfp": 9315.0, "ed_tpfn": 7675, "execution-time": 103.9964120388031, "number_of_labeled_tuples": 16, "number_of_labeled_cells": 272}