{"precision": 0.9781931464174455, "recall": 0.6168958742632613, "f_score": 0.7566265060240965, "tp": 314.0, "ed_tpfp": 321.0, "ed_tpfn": 509, "execution-time": 12.981647729873657, "number_of_labeled_tuples": 18, "number_of_labeled_cells": 360}