{"precision": 0.7975951903807615, "recall": 0.8396624472573839, "f_score": 0.8180883864337103, "tp": 796.0, "ed_tpfp": 998.0, "ed_tpfn": 948, "execution-time": 5.734608173370361, "number_of_labeled_tuples": 11, "number_of_labeled_cells": 121}