{"precision": 0.9457013574660633, "recall": 0.4106090373280943, "f_score": 0.5726027397260275, "tp": 209.0, "ed_tpfp": 221.0, "ed_tpfn": 509, "execution-time": 11.920740604400635, "number_of_labeled_tuples": 16, "number_of_labeled_cells": 320}