{"precision": 0.9970265324794144, "recall": 0.9993122420907841, "f_score": 0.9981680787726128, "tp": 4359.0, "ed_tpfp": 4372.0, "ed_tpfn": 4362, "execution-time": 11.266922950744629, "number_of_labeled_tuples": 11, "number_of_labeled_cells": 121}