{"precision": 1.0, "recall": 0.552498853736818, "f_score": 0.711754282339043, "tp": 2410.0, "ed_tpfp": 2410.0, "ed_tpfn": 4362, "execution-time": 9.082682847976685, "number_of_labeled_tuples": 1, "number_of_labeled_cells": 11}