{"precision": 0.9676388333999201, "recall": 0.9467100977198697, "f_score": 0.9570600632244469, "tp": 7266.0, "ed_tpfp": 7509.0, "ed_tpfn": 7675, "execution-time": 101.6851851940155, "number_of_labeled_tuples": 19, "number_of_labeled_cells": 323}