{"precision": 1.0, "recall": 0.06679764243614932, "f_score": 0.12523020257826886, "tp": 34.0, "ed_tpfp": 34.0, "ed_tpfn": 509, "execution-time": 11.168689250946045, "number_of_labeled_tuples": 3, "number_of_labeled_cells": 60}