{"precision": 0.7206896551724138, "recall": 0.8818565400843882, "f_score": 0.7931688804554079, "tp": 836.0, "ed_tpfp": 1160.0, "ed_tpfn": 948, "execution-time": 5.301488399505615, "number_of_labeled_tuples": 10, "number_of_labeled_cells": 110}