{"precision": 1.0, "recall": 0.24165029469548133, "f_score": 0.38924050632911394, "tp": 123.0, "ed_tpfp": 123.0, "ed_tpfn": 509, "execution-time": 10.29338812828064, "number_of_labeled_tuples": 8, "number_of_labeled_cells": 160}