{"precision": 0.8470588235294118, "recall": 0.4243614931237721, "f_score": 0.5654450261780104, "tp": 216.0, "ed_tpfp": 255.0, "ed_tpfn": 509, "execution-time": 9.64634919166565, "number_of_labeled_tuples": 13, "number_of_labeled_cells": 260}