{"precision": 0.823086319218241, "recall": 0.8217479674796748, "f_score": 0.8224165988608625, "tp": 4043.0, "ed_tpfp": 4912.0, "ed_tpfn": 4920, "execution-time": 7.949263334274292, "number_of_labeled_tuples": 16, "number_of_labeled_cells": 112}