{"precision": 0.9037433155080213, "recall": 0.3320235756385069, "f_score": 0.4856321839080459, "tp": 169.0, "ed_tpfp": 187.0, "ed_tpfn": 509, "execution-time": 12.013951301574707, "number_of_labeled_tuples": 13, "number_of_labeled_cells": 260}