{"precision": 0.9791666666666666, "recall": 0.09233791748526522, "f_score": 0.16876122082585276, "tp": 47.0, "ed_tpfp": 48.0, "ed_tpfn": 509, "execution-time": 10.998883485794067, "number_of_labeled_tuples": 4, "number_of_labeled_cells": 80}