{"precision": 0.6367837338262476, "recall": 0.7267932489451476, "f_score": 0.6788177339901478, "tp": 689.0, "ed_tpfp": 1082.0, "ed_tpfn": 948, "execution-time": 4.486584424972534, "number_of_labeled_tuples": 7, "number_of_labeled_cells": 77}