{"precision": 0.8862745098039215, "recall": 0.7808943089430894, "f_score": 0.8302539168017289, "tp": 3842.0, "ed_tpfp": 4335.0, "ed_tpfn": 4920, "execution-time": 6.492367506027222, "number_of_labeled_tuples": 9, "number_of_labeled_cells": 63}