{"precision": 0.9875621890547264, "recall": 0.7799607072691552, "f_score": 0.871569703622393, "tp": 397.0, "ed_tpfp": 402.0, "ed_tpfn": 509, "execution-time": 12.900270462036133, "number_of_labeled_tuples": 19, "number_of_labeled_cells": 380}