{"precision": 0.6328685258964143, "recall": 0.6457317073170732, "f_score": 0.6392354124748489, "tp": 3177.0, "ed_tpfp": 5020.0, "ed_tpfn": 4920, "execution-time": 4.977323055267334, "number_of_labeled_tuples": 2, "number_of_labeled_cells": 14}