{"precision": 0.7238873751135332, "recall": 0.8407172995780591, "f_score": 0.777940458760371, "tp": 797.0, "ed_tpfp": 1101.0, "ed_tpfn": 948, "execution-time": 3.8936007022857666, "number_of_labeled_tuples": 2, "number_of_labeled_cells": 22}