{"precision": 0.9846491228070176, "recall": 0.8821218074656189, "f_score": 0.9305699481865285, "tp": 449.0, "ed_tpfp": 456.0, "ed_tpfn": 509, "execution-time": 10.819446802139282, "number_of_labeled_tuples": 20, "number_of_labeled_cells": 400}