{"precision": 0.8163265306122449, "recall": 0.5063291139240507, "f_score": 0.625, "tp": 480.0, "ed_tpfp": 588.0, "ed_tpfn": 948, "execution-time": 5.306209564208984, "number_of_labeled_tuples": 10, "number_of_labeled_cells": 110}