{"precision": 0.9411764705882353, "recall": 0.03143418467583497, "f_score": 0.060836501901140684, "tp": 16.0, "ed_tpfp": 17.0, "ed_tpfn": 509, "execution-time": 8.476263284683228, "number_of_labeled_tuples": 3, "number_of_labeled_cells": 60}