{"precision": 0.8760557432432432, "recall": 0.8432926829268292, "f_score": 0.8593620546810273, "tp": 4149.0, "ed_tpfp": 4736.0, "ed_tpfn": 4920, "execution-time": 7.444828987121582, "number_of_labeled_tuples": 16, "number_of_labeled_cells": 112}