{"precision": 0.9610056439199589, "recall": 0.8587803759743237, "f_score": 0.9070217917675544, "tp": 3746.0, "ed_tpfp": 3898.0, "ed_tpfn": 4362, "execution-time": 9.612724304199219, "number_of_labeled_tuples": 3, "number_of_labeled_cells": 33}