{"precision": 0.6723404255319149, "recall": 0.3104125736738703, "f_score": 0.4247311827956989, "tp": 158.0, "ed_tpfp": 235.0, "ed_tpfn": 509, "execution-time": 10.477432012557983, "number_of_labeled_tuples": 9, "number_of_labeled_cells": 180}