{"precision": 0.6986301369863014, "recall": 0.10019646365422397, "f_score": 0.1752577319587629, "tp": 51.0, "ed_tpfp": 73.0, "ed_tpfn": 509, "execution-time": 8.28098177909851, "number_of_labeled_tuples": 2, "number_of_labeled_cells": 40}