{"precision": 0.984433554338426, "recall": 0.7828977533241632, "f_score": 0.8721746903332908, "tp": 3415.0, "ed_tpfp": 3469.0, "ed_tpfn": 4362, "execution-time": 9.379528284072876, "number_of_labeled_tuples": 2, "number_of_labeled_cells": 22}