{"precision": 0.9815950920245399, "recall": 0.6286836935166994, "f_score": 0.7664670658682635, "tp": 320.0, "ed_tpfp": 326.0, "ed_tpfn": 509, "execution-time": 13.528155326843262, "number_of_labeled_tuples": 14, "number_of_labeled_cells": 280}