{"precision": 0.8661800486618005, "recall": 0.7510548523206751, "f_score": 0.8045197740112995, "tp": 712.0, "ed_tpfp": 822.0, "ed_tpfn": 948, "execution-time": 5.147799968719482, "number_of_labeled_tuples": 17, "number_of_labeled_cells": 187}