{"precision": 0.991869918699187, "recall": 0.23968565815324164, "f_score": 0.38607594936708856, "tp": 122.0, "ed_tpfp": 123.0, "ed_tpfn": 509, "execution-time": 10.942748546600342, "number_of_labeled_tuples": 10, "number_of_labeled_cells": 200}