{"precision": 0.9723756906077348, "recall": 0.34577603143418467, "f_score": 0.5101449275362319, "tp": 176.0, "ed_tpfp": 181.0, "ed_tpfn": 509, "execution-time": 12.712131023406982, "number_of_labeled_tuples": 16, "number_of_labeled_cells": 320}