{"precision": 0.84, "recall": 0.819620253164557, "f_score": 0.8296849973304858, "tp": 777.0, "ed_tpfp": 925.0, "ed_tpfn": 948, "execution-time": 4.449660539627075, "number_of_labeled_tuples": 8, "number_of_labeled_cells": 88}