{"precision": 0.9290540540540541, "recall": 0.5402750491159135, "f_score": 0.6832298136645962, "tp": 275.0, "ed_tpfp": 296.0, "ed_tpfn": 509, "execution-time": 10.441844463348389, "number_of_labeled_tuples": 18, "number_of_labeled_cells": 360}