{"precision": 0.9457831325301205, "recall": 0.30844793713163066, "f_score": 0.4651851851851852, "tp": 157.0, "ed_tpfp": 166.0, "ed_tpfn": 509, "execution-time": 12.826380729675293, "number_of_labeled_tuples": 10, "number_of_labeled_cells": 200}