{"precision": 0.9923664122137404, "recall": 0.2554027504911591, "f_score": 0.40624999999999994, "tp": 130.0, "ed_tpfp": 131.0, "ed_tpfn": 509, "execution-time": 12.133306980133057, "number_of_labeled_tuples": 6, "number_of_labeled_cells": 120}