{"precision": 0.7195914577530177, "recall": 0.8175105485232067, "f_score": 0.7654320987654322, "tp": 775.0, "ed_tpfp": 1077.0, "ed_tpfn": 948, "execution-time": 4.73675274848938, "number_of_labeled_tuples": 2, "number_of_labeled_cells": 22}