{"precision": 0.928232502965599, "recall": 0.6361788617886179, "f_score": 0.7549445248432224, "tp": 3130.0, "ed_tpfp": 3372.0, "ed_tpfn": 4920, "execution-time": 7.198024749755859, "number_of_labeled_tuples": 14, "number_of_labeled_cells": 98}