{"precision": 0.9028213166144201, "recall": 0.5658153241650294, "f_score": 0.6956521739130433, "tp": 288.0, "ed_tpfp": 319.0, "ed_tpfn": 509, "execution-time": 13.317347288131714, "number_of_labeled_tuples": 18, "number_of_labeled_cells": 360}