{"precision": 0.9809160305343512, "recall": 0.5049115913555993, "f_score": 0.6666666666666667, "tp": 257.0, "ed_tpfp": 262.0, "ed_tpfn": 509, "execution-time": 12.230849742889404, "number_of_labeled_tuples": 12, "number_of_labeled_cells": 240}