{"precision": 0.7786885245901639, "recall": 0.37328094302554027, "f_score": 0.5046480743691899, "tp": 190.0, "ed_tpfp": 244.0, "ed_tpfn": 509, "execution-time": 10.30740737915039, "number_of_labeled_tuples": 19, "number_of_labeled_cells": 380}