{"precision": 0.6860557768924302, "recall": 0.7852768729641694, "f_score": 0.7323207776427705, "tp": 6027.0, "ed_tpfp": 8785.0, "ed_tpfn": 7675, "execution-time": 119.0559012889862, "number_of_labeled_tuples": 12, "number_of_labeled_cells": 204}