{"precision": 0.6956920256645279, "recall": 0.8006329113924051, "f_score": 0.7444825895046592, "tp": 759.0, "ed_tpfp": 1091.0, "ed_tpfn": 948, "execution-time": 6.479725122451782, "number_of_labeled_tuples": 13, "number_of_labeled_cells": 143}