{"precision": 0.9624277456647399, "recall": 0.6542239685658153, "f_score": 0.7789473684210526, "tp": 333.0, "ed_tpfp": 346.0, "ed_tpfn": 509, "execution-time": 10.256810665130615, "number_of_labeled_tuples": 18, "number_of_labeled_cells": 360}