{"precision": 0.967391304347826, "recall": 0.17485265225933203, "f_score": 0.2961730449251248, "tp": 89.0, "ed_tpfp": 92.0, "ed_tpfn": 509, "execution-time": 10.586689472198486, "number_of_labeled_tuples": 4, "number_of_labeled_cells": 80}