{"precision": 0.9273504273504274, "recall": 0.4263261296660118, "f_score": 0.5841184387617765, "tp": 217.0, "ed_tpfp": 234.0, "ed_tpfn": 509, "execution-time": 12.24435043334961, "number_of_labeled_tuples": 16, "number_of_labeled_cells": 320}