{"precision": 0.5818965517241379, "recall": 0.8544303797468354, "f_score": 0.6923076923076923, "tp": 810.0, "ed_tpfp": 1392.0, "ed_tpfn": 948, "execution-time": 5.587814807891846, "number_of_labeled_tuples": 9, "number_of_labeled_cells": 99}