{"precision": 0.12110726643598616, "recall": 0.068762278978389, "f_score": 0.08771929824561403, "tp": 35.0, "ed_tpfp": 289.0, "ed_tpfn": 509, "execution-time": 8.691453218460083, "number_of_labeled_tuples": 5, "number_of_labeled_cells": 100}