{"precision": 0.9920634920634921, "recall": 0.2455795677799607, "f_score": 0.3937007874015748, "tp": 125.0, "ed_tpfp": 126.0, "ed_tpfn": 509, "execution-time": 8.588052749633789, "number_of_labeled_tuples": 5, "number_of_labeled_cells": 100}