{"precision": 0.8862745098039215, "recall": 0.444007858546169, "f_score": 0.5916230366492147, "tp": 226.0, "ed_tpfp": 255.0, "ed_tpfn": 509, "execution-time": 10.512700319290161, "number_of_labeled_tuples": 20, "number_of_labeled_cells": 400}