{"precision": 0.9166666666666666, "recall": 0.3025540275049116, "f_score": 0.4549483013293944, "tp": 154.0, "ed_tpfp": 168.0, "ed_tpfn": 509, "execution-time": 12.716137886047363, "number_of_labeled_tuples": 9, "number_of_labeled_cells": 180}