{"precision": 0.9563636363636364, "recall": 0.5166994106090373, "f_score": 0.6709183673469388, "tp": 263.0, "ed_tpfp": 275.0, "ed_tpfn": 509, "execution-time": 12.45997953414917, "number_of_labeled_tuples": 12, "number_of_labeled_cells": 240}