{"precision": 0.9842648746107195, "recall": 0.7824104234527687, "f_score": 0.8718060394889663, "tp": 6005.0, "ed_tpfp": 6101.0, "ed_tpfn": 7675, "execution-time": 117.81391406059265, "number_of_labeled_tuples": 13, "number_of_labeled_cells": 221}