{"precision": 0.8311377245508982, "recall": 0.7320675105485233, "f_score": 0.7784632641615256, "tp": 694.0, "ed_tpfp": 835.0, "ed_tpfn": 948, "execution-time": 6.117713212966919, "number_of_labeled_tuples": 13, "number_of_labeled_cells": 143}