{"precision": 0.7470046664144281, "recall": 0.7717263843648209, "f_score": 0.7591643168418354, "tp": 5923.0, "ed_tpfp": 7929.0, "ed_tpfn": 7675, "execution-time": 109.47635531425476, "number_of_labeled_tuples": 10, "number_of_labeled_cells": 170}