{"precision": 0.9726027397260274, "recall": 0.41846758349705304, "f_score": 0.5851648351648352, "tp": 213.0, "ed_tpfp": 219.0, "ed_tpfn": 509, "execution-time": 11.63880968093872, "number_of_labeled_tuples": 15, "number_of_labeled_cells": 300}