{"precision": 0.9759036144578314, "recall": 0.4774066797642436, "f_score": 0.6411609498680739, "tp": 243.0, "ed_tpfp": 249.0, "ed_tpfn": 509, "execution-time": 12.79059624671936, "number_of_labeled_tuples": 15, "number_of_labeled_cells": 300}