{"precision": 0.8262668045501551, "recall": 0.8428270042194093, "f_score": 0.8344647519582246, "tp": 799.0, "ed_tpfp": 967.0, "ed_tpfn": 948, "execution-time": 5.55703330039978, "number_of_labeled_tuples": 14, "number_of_labeled_cells": 154}