{"precision": 0.8760330578512396, "recall": 0.2082514734774067, "f_score": 0.3365079365079366, "tp": 106.0, "ed_tpfp": 121.0, "ed_tpfn": 509, "execution-time": 11.426988124847412, "number_of_labeled_tuples": 10, "number_of_labeled_cells": 200}