{"precision": 1.0, "recall": 0.11591355599214145, "f_score": 0.20774647887323947, "tp": 59.0, "ed_tpfp": 59.0, "ed_tpfn": 509, "execution-time": 11.60063099861145, "number_of_labeled_tuples": 2, "number_of_labeled_cells": 40}