{"precision": 0.7690052356020942, "recall": 0.9568729641693811, "f_score": 0.8527140783744558, "tp": 7344.0, "ed_tpfp": 9550.0, "ed_tpfn": 7675, "execution-time": 100.70218992233276, "number_of_labeled_tuples": 16, "number_of_labeled_cells": 272}