{"precision": 0.43671, "recall": 0.7205306098878889, "f_score": 0.5438159013009816, "tp": 87342.0, "ed_tpfp": 200000.0, "ed_tpfn": 121219, "execution-time": 45972.4073972702, "number_of_labeled_tuples": 1, "number_of_labeled_cells": 15}