{"precision": 0.8113207547169812, "recall": 0.7257383966244726, "f_score": 0.7661469933184856, "tp": 688.0, "ed_tpfp": 848.0, "ed_tpfn": 948, "execution-time": 4.338598251342773, "number_of_labeled_tuples": 5, "number_of_labeled_cells": 55}