{"precision": 0.8398397252432742, "recall": 0.9558306188925081, "f_score": 0.8940889701401583, "tp": 7336.0, "ed_tpfp": 8735.0, "ed_tpfn": 7675, "execution-time": 99.38006520271301, "number_of_labeled_tuples": 13, "number_of_labeled_cells": 221}