{"precision": 0.9941860465116279, "recall": 0.33595284872298625, "f_score": 0.5022026431718062, "tp": 171.0, "ed_tpfp": 172.0, "ed_tpfn": 509, "execution-time": 9.204232454299927, "number_of_labeled_tuples": 11, "number_of_labeled_cells": 220}