{"precision": 0.9008620689655172, "recall": 0.4106090373280943, "f_score": 0.5641025641025641, "tp": 209.0, "ed_tpfp": 232.0, "ed_tpfn": 509, "execution-time": 12.020389556884766, "number_of_labeled_tuples": 14, "number_of_labeled_cells": 280}