{"precision": 0.9639328063241107, "recall": 0.7626058631921824, "f_score": 0.8515312431803301, "tp": 5853.0, "ed_tpfp": 6072.0, "ed_tpfn": 7675, "execution-time": 122.96542549133301, "number_of_labeled_tuples": 13, "number_of_labeled_cells": 221}