{"precision": 0.6080196399345336, "recall": 0.7837552742616034, "f_score": 0.6847926267281107, "tp": 743.0, "ed_tpfp": 1222.0, "ed_tpfn": 948, "execution-time": 4.5093231201171875, "number_of_labeled_tuples": 6, "number_of_labeled_cells": 66}