{"precision": 0.9512195121951219, "recall": 0.22986247544204322, "f_score": 0.37025316455696194, "tp": 117.0, "ed_tpfp": 123.0, "ed_tpfn": 509, "execution-time": 8.964839696884155, "number_of_labeled_tuples": 9, "number_of_labeled_cells": 180}