{"precision": 0.814117199391172, "recall": 0.8697154471544716, "f_score": 0.840998427672956, "tp": 4279.0, "ed_tpfp": 5256.0, "ed_tpfn": 4920, "execution-time": 7.207866191864014, "number_of_labeled_tuples": 14, "number_of_labeled_cells": 98}