{"precision": 0.7128509719222462, "recall": 0.8600651465798046, "f_score": 0.7795689400649543, "tp": 6601.0, "ed_tpfp": 9260.0, "ed_tpfn": 7675, "execution-time": 111.22777509689331, "number_of_labeled_tuples": 11, "number_of_labeled_cells": 187}