{"precision": 0.8516483516483516, "recall": 0.49050632911392406, "f_score": 0.6224899598393574, "tp": 465.0, "ed_tpfp": 546.0, "ed_tpfn": 948, "execution-time": 4.803316354751587, "number_of_labeled_tuples": 5, "number_of_labeled_cells": 55}