OBJECTID,Details,UD_Percent,Shape__Area,Shape__Length
1,Home range (99% contour),99,43864471.2890625,24793.2172559541
2,Home range (50% contour),50,22148108.7890625,18881.042639578
