OBJECTID,C_DISTRICT,SE_ANNO_CAD_DATA,AREA_ACRES,AREA_SQMI,DISPLAY_NAME,SHAPE_Length,SHAPE_Area
1,1,,16298.14047851,25.4658445,CD - 1,246798.99738013,597731388.823646
2,2,,10907.5567619,17.04305744,CD - 2,148955.447218523,355199919.164792
3,3,,7610.02010895,11.89065642,CD - 3,99665.891425436,216340632.353637
4,7,,4930.31617181,7.70361902,CD - 7,99524.9383827784,174902766.422233
5,6,,9202.8498715,14.37945292,CD - 6,139560.14822915,329238997.785059
6,4,,8908.03924199,13.91881132,CD - 4,107307.752067444,276118894.984459
7,5,,10174.58598776,15.89779061,CD - 5,97827.0029884915,381147874.274649
