OBJECTID,STATE,STATE_CODE,ConservationArea_Name,GIS_Acres,SHAPE_Length,SHAPE_Area
1,Montana,MT,SW Montana Conservation Area,13043867.0192403,1462209.79168967,52783314761.4728
2,Idaho,ID,Idaho West Owyhee Conservation Area,3694179.27358434,595507.657319169,14952811347.2019
3,Idaho,ID,Idaho Southern Conservation Area,10876881.8228755,1512811.78482747,44005125141.0421
4,Idaho,ID,Idaho Mountain Valleys Conservation Area,19277804.1709638,1870633.68463584,77983825007.9296
5,Idaho,ID,Idaho Desert Conservation Area,5797147.83360355,970862.176237319,23445212224.371
