OBJECTID,QSARC_CD,FEATARC_CD,SHAPE_Length
1,0,xs,58349.1107034396
2,0,xs,153470.46985277
3,0,xs,401508.545207197
