OBJECTID,GlobalID,Name,SHAPE_Length,SHAPE_Area
1,{146C7B75-5DFD-44F7-BBC4-06A58993D44F},Tempe,225423.91495482,1116291616.91973
