OBJECTID,FIAT_Assessment_Area,SHAPE_Length,SHAPE_Area
1,Central Oregon,599130.984778433,-3292924085.59253
2,Northern Great Basin,4792412.26687728,-61143121028.8867
3,"Snake, Salmon, and Beaverhead",4334224.02289442,-22170510603.6596
4,Warm Springs Valley NV/Western Great Basin,2933810.57391944,-28797698302.4841
5,Southern Great Basin,4991254.33793852,-52257576457.5184
