OBJECTID,NLCS_ID,NLCS_NAME,CASEFILE_NO,NLCS_TYPE,ADMIN_ST,GlobalID,Shape__Area,Shape__Length
6,NLCS000054,GRAND CANYON-PARASHANT NM,AZA-30820,National Monument,AZ,{481F9DE9-9048-48E5-B7D6-965B31D7946F},4242412002.36448,955068.324775813
14,NLCS000051,SAN PEDRO RIPARIAN NCA,AZA-23700,National Conservation Area,AZ,{7D07156A-E376-4906-8B0D-562A59AA0078},235761328.504555,172980.79840174
15,NLCS000052,GILA BOX RIPARIAN NCA,AZA-31317,National Conservation Area,AZ,{735D400E-5AAE-4E06-9A04-02E6EF115B3C},94879270.382355,109799.059826366
16,NLCS000056,VERMILION CLIFFS NM,AZA-31344,National Monument,AZ,{F27646BA-06A0-432B-8BBC-F8AF832C3BA6},1188678620.28722,163576.35015922
17,NLCS000053,AGUA FRIA NM,AZA-31024,National Monument,AZ,{25C57FB1-7E56-446F-BFF7-D1819A9BCB28},293134918.740937,114035.904600935
18,NLCS000058,SONORAN DESERT NM,AZA-31607,National Monument,AZ,{F967FC53-7704-45F0-81E9-8D40AA632AE6},2005809171.11697,292329.048862542
19,NLCS000055,IRONWOOD FOREST NM,AZA-31290,National Monument,AZ,{FE063F7B-201E-4014-BA22-628B0DC6696C},767776387.0596,287247.010704167
20,NLCS000057,LAS CIENEGAS NCA,AZA-31572,National Conservation Area,AZ,{F45108F5-C1C5-406D-BF1E-F41545B76AA5},199384722.806491,178361.873533994
21,UNK,BAAJ NWAAVJO I'TAH KUKVENI - ANCESTRAL FOOTPRINTS OF THE GRAND CANYON NM,UNK,National Monument,AZ,{D304C405-6FB8-44EA-A587-44581F8665E8},3885553177.86093,912668.726963928
