OBJECTID,DOB_ORG_CD,DIST_NAME,SHAPE_Length,SHAPE_Area
1,ORB00,Burns,10.2369981217559,2.58467686838484
2,ORC00,Coos Bay,7.7648982674775,1.36989620469282
3,ORL00,Lakeview,10.2688570738696,4.05545025475081
4,ORM00,Medford,6.0015616689978,1.35376889802255
5,ORN00,NW Oregon,11.8347413151824,5.11530154060165
6,ORP00,Prineville,16.5264407408008,5.97325301324134
7,ORR00,Roseburg,7.40203565468722,1.20665158301911
8,ORW00,Spokane,22.9473133642209,21.9654454409438
9,ORV00,Vale,18.9727718790108,6.965323170965
