OBJECTID,AREA,Acres,VIP,SHAPE_Length,SHAPE_Area
1,7012482006.74,160984.435416,Medford,174927.771206186,1191344752.08857
2,34936064441.5,802021.681393,Portland,697906.490619201,6593542914.16143
