sandbox_name,error_rate_cells,error_rate_rows,avg_rows,avg_cols,total_n_cells,total_errors,total_erroneous_rows,total_rows,total_cols,total_datasets
DGov-141,0.142117944464194,0.6774274425528581,6336.382978723404,9.52482269503546,7620417,1082998,605234,893430,1343,141
Quintet,0.09217507959073344,0.789573927765237,2835.2,13.2,199772,18414,11193,14176,66,5
DGov-84,0.18716394047563584,0.7406505469520588,2136.2976190476193,9.142857142857142,1352253,253093,132909,179449,768,84
DGov_119_only_fds,0.1093091985960369,0.4835907229960376,3062.4201680672268,8.193277310924369,2669016,291748,176234,364428,975,119
DGov_119_only_outliers,0.0766289898599334,0.41711119891995124,3062.4201680672268,8.193277310924369,2669016,204524,152007,364428,975,119
Kaggle,0.02398799943062992,0.2674467087090217,4796.75,11.625,456645,10954,10263,38374,93,8
DGov_119_only_typos,0.07897367419303594,0.3671315047142371,3062.4201680672268,8.193277310924369,2669016,210782,133793,364428,975,119
