,sandbox_name,error_rate_cells,error_rate_rows,avg_rows,avg_cols,total_n_cells,total_errors,total_error_cells_injected,total_erroneous_rows,total_rows,total_cols,total_datasets
0,Quintet,0.09217507959073344,0.789573927765237,2835.2,13.2,199772,18414,0,11193,14176,66,5
1,DGov_143_all_three_types,0.15997915623427514,0.7768789083385639,1804.909090909091,9.685314685314685,2458289,393275,0,200514,258102,1385,143
2,DGov_159_NO_Typo,0.15077913642393845,0.7499425660818253,3832.6792452830186,10.81132075471698,6527740,984247,0,457012,609396,1719,159
