OBJECTID,OLMPKWYS_CODE,OLMPKWYS_NAME,SHAPEAREA,SHAPELEN
1,26,NORTHWESTERN PKWY,998233.2064,18629.8361330399
2,26,NORTHWESTERN PKWY,606991.8572,18264.7649944373
3,26,SOUTHWESTERN PKWY,1249166.87695,26350.9056741767
4,26,ALGONQUIN PKWY,2741019.19735,45911.1803360114
5,26,EASTERN PKWY,2290526.40295,40468.8882434086
6,26,SOUTHERN PKWY,2014604.20545,26990.6956712438
