OBJECTID,Id,Shapearea,Shapelen
1,0,396454369.182757,107998.761749655
2,0,108.527134955713,65.759923442744
