OBJECTID,Imagery,Acres,SHAPE_Length,SHAPE_Area
1,2022 15cm Statewide,1.03901e+08,5639270.79881161,667040064581.234
2,2020 30cm Statewide,1.0371565e+08,5600321.33051525,665861653909.404
3,2020 15cm Urban,7029887,1933752.2749865,42480784526.9079
4,2018 15cm Urban,3210915.8,2768139.15908059,20527944496.6063
5,2017 15cm Urban,6669667.5,4443671.52444615,40567942842.0461
