OBJECTID,STATEABBR,SHAPE_Length,SHAPE_Area
1,CO,3272.77075141235,4356.055160908
2,CO,10283.2012596908,11319.2358200064
3,CO,13244.544163343,32128.1836116268
4,CO,25605.9738927185,113490.707439612
5,CO,25576.1552612013,118645.332997685
6,CO,15834.6690348478,123562.450577342
7,CO,73395.211740919,388723.875026083
8,CO,2102879.75539242,269602829873.457
