FID,OBJECTID_1,OBJECTID,Id,Shape_Leng,Shape_Le_1,Shape_Area,Shape__Area,Shape__Length
1,1,3,0,199800.532274,208750.558167,1024971369.72,157894591.132813,81942.1641539365
